job_title,company,experience,min exp,max exp,salary,base salary,max salary,location,jobListed(days ago),postedIn,rating,reviews count,details
JP Morgan Chase - Client Data Analyst (4-8 yrs),JP Morgan Chase,4-8 Yrs,4,8,3.6-13.3L/yr,360000.0,1330000.0,Hyderabad / Secunderabad,3,iimjobs,4.1,5300,"Banking, KYC, Banking Operations"
Data Analyst - Bangalore,Schneider Electric,5-10 Yrs,5,10,8.0-16.0L/yr,800000.0,1600000.0,"Bangalore / Bengaluru, Bangalore Rural",4,Naukri,4.2,3500,"ERP, SAP, Data Analysis"
Senior IT ATLAS Data Analyst and Integration Specialist,SAP Labs India Pvt. Ltd.,7-11 Yrs,7,11,3.6-13.3L/yr,360000.0,1330000.0,Bangalore / Bengaluru,7,Naukri,4.3,1500,"data quality, Data analysis, quality management"
Consultant Data Analyst,Pfizer,2-6 Yrs,2,6,3.6-13.3L/yr,360000.0,1330000.0,Mumbai,3,Naukri,4.1,1700,"Power Bi, Commercial Operations, Data Management"
Senior Data Analyst - Retail Liabilities,IDFC FIRST Bank,5-10 Yrs,5,10,3.6-13.3L/yr,360000.0,1330000.0,Mumbai,5,Naukri,4.5,2300,"Test strategy, Analytical, Manager Technology"
JP Morgan Chase - Client Data Analyst (4-9 yrs),JP Morgan Chase,4-9 Yrs,4,9,3.6-13.3L/yr,360000.0,1330000.0,Hyderabad / Secunderabad,7,iimjobs,4.1,5300,"KYC, AML, Banking"
Principal Business Data Analyst,GlaxoSmithKline Pharmaceuticals Limited,5-9 Yrs,5,9,3.6-13.3L/yr,360000.0,1330000.0,Bangalore / Bengaluru,2,Naukri,4.2,1600,"Procurement, Relationship management, Computer science"
"SENIOR, DATA ANALYST",Walmart Labs,2-6 Yrs,2,6,3.6-13.3L/yr,360000.0,1330000.0,Bangalore / Bengaluru,2,Naukri,4.0,2100,"Supply chain, Data analysis, Data modeling"
Data Analysts in Supply chain planning,Hewlett-Packard,6-8 Yrs,6,8,3.6-13.3L/yr,360000.0,1330000.0,Bangalore / Bengaluru,5,Naukri,4.2,3500,"Power Bi, Supply chain Planning, Tableau"
Data Analyst CX,IDFC FIRST Bank,5-10 Yrs,5,10,3.6-13.3L/yr,360000.0,1330000.0,"Chennai, Pune, New Delhi",9,Naukri,4.5,2300,"Test strategy, Analytical, Banking"
Data Analyst CX,IDFC FIRST Bank,5-10 Yrs,5,10,3.6-13.3L/yr,360000.0,1330000.0,"Chennai, Pune, New Delhi",9,Naukri,4.5,2300,"Test strategy, Analytical, Banking"
Data Analyst - Cx,IDFC FIRST Bank,2-5 Yrs,2,5,3.6-13.3L/yr,360000.0,1330000.0,"Chennai, Pune, New Delhi",9,Naukri,4.5,2300,"Test strategy, Analytical, Banking"
Customer Master Data Analyst,Genpact,2-6 Yrs,2,6,3.6-13.3L/yr,360000.0,1330000.0,Bangalore / Bengaluru,3,Naukri,3.9,27000,"Mdg, CMD, Master Data"
"Senior, Data Analyst",Walmart Labs,5-6 Yrs,5,6,3.6-13.3L/yr,360000.0,1330000.0,Bangalore / Bengaluru,4,Naukri,4.0,2100,"Computer science, Data analysis, MS SQL"
Data Analyst,Reliance Retail,3-8 Yrs,3,8,3.6-13.3L/yr,360000.0,1330000.0,Mumbai,4,Naukri,4.0,19600,"Power Bi, MIS, Data Analysis"
Data Analyst- PSP Transformation,Faurecia,4-6 Yrs,4,6,3.6-13.3L/yr,360000.0,1330000.0,Pune,3,Naukri,4.0,1100,"RPA, Power BI, Power Apps"
Senior Data Analyst,Optum Global Solutions (India) Private Limited,12-16 Yrs,12,16,3.6-13.3L/yr,360000.0,1330000.0,Bangalore / Bengaluru,6,Naukri,4.0,3500,"data warehouse, Power BI, Data Analysis"
Senior Data Analyst - Cx,IDFC FIRST Bank,3-7 Yrs,3,7,3.6-13.3L/yr,360000.0,1330000.0,"Chennai, Pune, New Delhi",11,Naukri,4.5,2300,"Test strategy, Analytical, Manager Technology"
Data Analyst,Amazon,2-4 Yrs,2,4,1.8-7.0L/yr,180000.0,700000.0,"Delhi/Ncr, Bangalore / Bengaluru",11,Naukri,4.1,21700,"AWS technologies, Excel, SQL"
Retail Data Analyst,IDFC FIRST Bank,2-5 Yrs,2,5,3.6-13.3L/yr,360000.0,1330000.0,Mumbai,12,Naukri,4.5,2300,"Stress testing, Audit compliance, Regulatory reporting"
Senior Data Analyst-Credit Cards,IDFC FIRST Bank,5-10 Yrs,5,10,3.6-13.3L/yr,360000.0,1330000.0,Mumbai,12,Naukri,4.5,2300,"Usage, Test strategy, Analytical"
Senior Data Analyst - Cx,IDFC FIRST Bank,5-10 Yrs,5,10,3.6-13.3L/yr,360000.0,1330000.0,Mumbai,12,Naukri,4.5,2300,"Test strategy, Analytical, Senior Data Analyst"
Data Analyst-Retail Assets,IDFC FIRST Bank,2-5 Yrs,2,5,3.6-13.3L/yr,360000.0,1330000.0,Mumbai,12,Naukri,4.5,2300,"Retail, Test strategy, Analytical"
Senior Data Analyst,IDFC FIRST Bank,2-5 Yrs,2,5,3.6-13.3L/yr,360000.0,1330000.0,Mumbai,12,Naukri,4.5,2300,"Usage, Test strategy, Analytical"
FHIR Data Analyst,Infosys Limited,5-10 Yrs,5,10,3.6-13.3L/yr,360000.0,1330000.0,Bangalore / Bengaluru,4,Naukri,3.8,33500,"HL7 FHIR implementation, Agile Methodologies, FHIR"
Healthcare Data Analyst,Infosys Limited,2-6 Yrs,2,6,3.6-13.3L/yr,360000.0,1330000.0,Bangalore / Bengaluru,4,Naukri,3.8,33500,"PL/SQL, STTM creation, Data mapping"
Specialist - Investments,Jardine Lloyd Thompson India Pvt Ltd.,2-5 Yrs,2,5,4.8-7.0L/yr,475400.0,700000.0,Pune,3,Naukri,4.0,558,"Data management, RDBMS, Project management"
JP Morgan Chase - Reference Data Analyst (4-6 yrs),JP Morgan Chase,4-6 Yrs,4,6,3.6-13.3L/yr,360000.0,1330000.0,Mumbai,16,iimjobs,4.1,5300,"Reference Data, IT Business Analyst, IT Jobs in BFSI"
Veeva process specialists,Tech Mahindra,5-10 Yrs,5,10,7.0-12.0L/yr,700000.0,1200000.0,Hyderabad / Secunderabad,3,Naukri,3.7,28500,"CTMS, CDMS, Veeva"
Data Analyst/Sr. Analyst - SAS & Python,FedEx,3-8 Yrs,3,8,10.0-20.0L/yr,1000000.0,2000000.0,"Mumbai, Bangalore / Bengaluru",17,Naukri,4.2,1100,"Predictive Modeling, Logistic Regression, SAS"
Data Analyst For SAP Business Warehouse,Siemens Limited,2-6 Yrs,2,6,3.6-13.3L/yr,360000.0,1330000.0,Pune,2,Naukri,4.2,4200,"Automation, SAP, Project management"
Data Analyst- SQL,Gainwell Technologies,13-23 Yrs,13,23,3.6-13.3L/yr,360000.0,1330000.0,"Chennai, Bangalore / Bengaluru",4,Naukri,4.0,83,"Query Optimization, Msql, Stored Procedures"
Sr. Price & Data Analyst,Stanley Black & Decker,5-8 Yrs,5,8,3.6-13.3L/yr,360000.0,1330000.0,Bangalore / Bengaluru,4,Naukri,4.0,268,"AB Analysis, Pricing, Price Framework"
FHIR Data Analyst,Infosys Limited,3-6 Yrs,3,6,3.5-9.4L/yr,350000.0,945000.0,Bangalore / Bengaluru,11,Naukri,3.8,33500,"Agile Methodologies, CARIN, FHIR"
Data Analyst - Qlikview / Qliksense,PwC Service Delivery Center,4-8 Yrs,4,8,3.6-13.3L/yr,360000.0,1330000.0,Bangalore Rural,3,Naukri,3.5,7500,"Data Visualization, Data Analyst, QlikView"
Healthcare Data Analyst,Infosys Limited,3-8 Yrs,3,8,3.6-13.3L/yr,360000.0,1330000.0,Bangalore / Bengaluru,12,Naukri,3.8,33500,"PL/SQL, STTM creation, Data mapping"
Senior Associate - Workday Help - Reporting,TIAA,7-9 Yrs,7,9,3.6-13.3L/yr,360000.0,1330000.0,Pune,2,Naukri,4.0,529,"Data analysis, Predictive modeling, Data quality"
Automation and Data analyst Professional,Volvo Group,5-10 Yrs,5,10,3.6-13.3L/yr,360000.0,1330000.0,Bangalore / Bengaluru,18,Naukri,4.1,604,"Automation, C"
Data Analyst,Foundever,4-9 Yrs,4,9,0.5-0.7L/yr,50000.0,70000.0,Chennai,11,Naukri,3.8,1700,"Power Bi, Dax, AWS"
Consultant - Data Analyst,TransUnion Software Services Pvt. Ltd,4-8 Yrs,4,8,3.6-13.3L/yr,360000.0,1330000.0,Mumbai,2,Naukri,4.0,320,"Bfsi, Analytical, Data collection"
Data Analyst,"PayPal Holdings, Inc.",3-6 Yrs,3,6,3.6-13.3L/yr,360000.0,1330000.0,Hyderabad / Secunderabad,2,Naukri,3.9,813,"Computer science, Data analysis, Machine learning"
Data Analyst - Energy & Sustainability,CBRE,5-10 Yrs,5,10,10.0-20.0L/yr,1000000.0,2000000.0,"Mumbai Suburbs, Mumbai, Mumbai",27,Naukri,4.2,3400,"Energy Management, Data Analysis, Energy Audit"
Data Analyst,Wipro,2-4 Yrs,2,4,3.0-7.5L/yr,300000.0,750000.0,Gurgaon / Gurugram,2,Naukri,3.8,41400,"Advance Excel, Power Bi, Data Analysis"
Data Analyst,Magna Steyr,3-6 Yrs,3,6,3.6-13.3L/yr,360000.0,1330000.0,Bangalore / Bengaluru,17,Naukri,4.0,560,"Supply chain, Data analysis, Data management"
Sr. Lead Data Analyst,Airtel,8-12 Yrs,8,12,3.6-13.3L/yr,360000.0,1330000.0,Gurgaon / Gurugram,10,Naukri,4.0,12200,"R, Tableau, Python"
Lead Data Analyst,Airtel,4-9 Yrs,4,9,3.6-13.3L/yr,360000.0,1330000.0,Gurgaon / Gurugram,10,Naukri,4.0,12200,"R, Data Analysis, Data Visualization"
"HCL Tech- Job Opening For Data analyst @ Hyderabad, Bangalore",HCLTech,6-10 Yrs,6,10,3.6-13.3L/yr,360000.0,1330000.0,"Bangalore Rural, Hyderabad / Secunderabad",10,Naukri,3.6,30200,"ETL, SCM, data analyst"
Data Analyst,Nestle,2-5 Yrs,2,5,3.6-13.3L/yr,360000.0,1330000.0,Gurgaon / Gurugram,24,Naukri,4.1,2000,"Automation, Natural Language Processing, Pandas"
"Team Lead - Data Analyst, Category Marketing",Flipkart Internet Private Limited.,2-7 Yrs,2,7,2.5-8.0L/yr,250000.0,800000.0,Bangalore / Bengaluru,11,Naukri,4.0,9600,"python, data analysis, data analytics"
Lead Data Analyst,Conneqt Digital,10-15 Yrs,10,15,12.0-22.0L/yr,1200000.0,2200000.0,Bangalore / Bengaluru,2,Naukri,3.7,8000,"Data Analysis, Stakeholder management, Data Products"
Data Analyst,Conneqt Digital,5-10 Yrs,5,10,3.6-13.3L/yr,360000.0,1330000.0,Bangalore / Bengaluru,2,Naukri,3.7,8000,"merging, Data Analysis, Data cleansing"
JP Morgan Chase - Client Data Analyst (4-6 yrs),JP Morgan Chase,4-6 Yrs,4,6,3.6-13.3L/yr,360000.0,1330000.0,Hyderabad / Secunderabad,28,iimjobs,4.1,5300,"KYC, AML, Banking"
Data Analyst,Target Corporation India Pvt Ltd,2-4 Yrs,2,4,3.6-13.3L/yr,360000.0,1330000.0,Bangalore / Bengaluru,16,Naukri,4.2,579,"Supply chain, Automation, SAP"
Data Analyst,Infosys,4-9 Yrs,4,9,3.6-13.3L/yr,360000.0,1330000.0,"Pune, Bangalore / Bengaluru, Bangalore Rural",19,Naukri,3.8,33500,"ETL, banking domain, SQL"
Reference Data Analyst,DEUTSCHE BANK AG,3-5 Yrs,3,5,4.7-6.0L/yr,470000.0,600000.0,Jaipur,10,Naukri,4.0,2900,"derivatives, Excel, Swap"
"Junior /Assistant Manager - Data Analyst, Variance I Mumbai",Parle,3-6 Yrs,3,6,3.6-13.3L/yr,360000.0,1330000.0,Mumbai,10,Naukri,4.0,1400,"SAP, Data Analysis, Variance Analysis"
Executive QA- Data Analyst,Parle,2-5 Yrs,2,5,3.6-13.3L/yr,360000.0,1330000.0,Mumbai,10,Naukri,4.0,1400,"SAP, Data Analysis, quality deviation"
Power BI Microsoft - Executive / Data Analyst,Sone India Group Of Industries,2-6 Yrs,2,6,3.6-13.3L/yr,360000.0,1330000.0,"New Delhi, Netaji subhash place",11,Naukri,4.8,51,"data cleansing, data analysis, Power BI"
Lead Data Research Analyst,Morningstar India (P) Ltd.,4-7 Yrs,4,7,3.6-13.3L/yr,360000.0,1330000.0,Mumbai,4,Naukri,3.9,928,"Automation, Corporate actions, Data management"
"SENIOR, DATA ANALYST",Walmart Labs,3-8 Yrs,3,8,3.4-30.0L/yr,335000.0,3000000.0,Bangalore / Bengaluru,24,Naukri,4.0,2100,"Data analysis, Automation, Data management"
Data Analyst,NextComm Corporation India,1-8 Yrs,1,8,3.6-13.3L/yr,360000.0,1330000.0,"Chennai, Pune, New Delhi",30,Naukri,4.9,1200,"data mining, data cleansing, data analysis"
HSSE Q&R Data Analyst,SBM Offshore,6-9 Yrs,6,9,3.6-13.3L/yr,360000.0,1330000.0,Bangalore / Bengaluru,5,Naukri,4.3,64,"Computer science, Usage, SAP"
Senior Data Analyst,Guidehouse,3-6 Yrs,3,6,3.6-13.3L/yr,360000.0,1330000.0,"Chennai, Thiruvananthapuram",4,Naukri,4.0,513,"Product management, Executive leadership, Change management"
Data Analyst,Suryoday Small Finance Bank,1-5 Yrs,1,5,3.6-13.3L/yr,360000.0,1330000.0,Navi Mumbai,9,Naukri,4.1,965,"Data Analysis, Data Analytics, Data Reporting"
Data Analyst,Infosys,3-8 Yrs,3,8,3.6-13.3L/yr,360000.0,1330000.0,Bangalore / Bengaluru,23,Naukri,3.8,33500,"HL7, HL, Fhir"
Data Scientist / Data Analyst,Siemens Limited,3-5 Yrs,3,5,5.0-9.8L/yr,500000.0,980000.0,Panaji/Panjim,16,Naukri,4.2,4200,"Data analysis, Analytical, Machine learning"
Sr Business Process Analyst (Sr Data Analyst- Hardware),Kronos Solutions India Pvt. Ltd.,6-11 Yrs,6,11,3.6-13.3L/yr,360000.0,1330000.0,Noida,1,Naukri,3.6,459,"configuration management, technical support, it support"
Data Analyst,"PayPal Holdings, Inc.",2-7 Yrs,2,7,3.6-13.3L/yr,360000.0,1330000.0,Bangalore / Bengaluru,12,Naukri,3.9,813,"SAS, Analytical, Finance"
Urgent Opening !!!  Data Analyst - IIT/NIT /IIM Engineer/MBA,Angel One,4-8 Yrs,4,8,11.0-21.0L/yr,1100000.0,2100000.0,Mumbai,2,Naukri,3.9,1300,"Data Querying, Power BI, Data Analysis"
Job || Lead Data Analyst || Wipro || Gurugram,Wipro Limited,5-10 Yrs,5,10,10.0-20.0L/yr,1000000.0,2000000.0,Gurgaon / Gurugram,11,Naukri,3.8,41400,"Data Analyst, Data Modeling, ETL"
Data Analyst And MIS Lead For Gurgaon,Wipro Limited,3-8 Yrs,3,8,5.0-8.5L/yr,500000.0,850000.0,Gurgaon / Gurugram,11,Naukri,3.8,41400,"Google Sheets, Automation, Power Bi"
"Data Analyst(Sql,SAS)",TELUS International,3-7 Yrs,3,7,3.6-13.3L/yr,360000.0,1330000.0,Noida,10,Naukri,3.8,957,"Data Transformation, Metadata Management, SAS"
Data Analyst 2,"PayPal Holdings, Inc.",3-8 Yrs,3,8,3.6-13.3L/yr,360000.0,1330000.0,Chennai,13,Naukri,3.9,813,"Automation, Analytical, Finance"
Data Analyst,Birlasoft,4-6 Yrs,4,6,3.6-13.3L/yr,360000.0,1330000.0,"Gurgaon / Gurugram, India",5,Naukri,3.8,2400,"IICS, Postgresql, Pl Sql Procedures"
Cimpress - HR Data Analyst (2-5 yrs),Cimpress India,2-5 Yrs,2,5,3.6-13.3L/yr,360000.0,1330000.0,"Mumbai, Bangalore / Bengaluru",11,iimjobs,3.9,266,"HR Analytics, HR Operations, HR Jobs in IT/ITeS"
SQL Developer (Data Analyst),Teleperformance (TP),4-9 Yrs,4,9,3.6-13.3L/yr,360000.0,1330000.0,"Hyderabad / Secunderabad, Gurgaon / Gurugram",24,Naukri,3.8,23600,"T-SQL, SQL Development, SQL Queries"
Data Analyst,Photon Infotech P Ltd,4-9 Yrs,4,9,3.6-13.3L/yr,360000.0,1330000.0,"Chennai, Bangalore / Bengaluru",5,Naukri,4.0,1400,"data cleansing, Data analysis, SAS"
Lead Data Analyst,Photon Infotech P Ltd,8-13 Yrs,8,13,3.6-13.3L/yr,360000.0,1330000.0,"Chennai, Bangalore / Bengaluru",5,Naukri,4.0,1400,"Data analysis, SAS, Data management"
Data Analyst SAS,GRANT THORNTON BHARAT LLP,5-10 Yrs,5,10,3.6-13.3L/yr,360000.0,1330000.0,"Bangalore / Bengaluru, Kolkata",2,Naukri,3.7,708,"excel, credit risk management, model validation"
Senior Associate - Data Scientist,Pricewaterhouse Coopers Private Limited,2-5 Yrs,2,5,3.6-13.3L/yr,360000.0,1330000.0,Gurgaon / Gurugram,17,Naukri,3.5,7500,"Data analysis, Data modeling, Analytical"
Reference Data Analyst,Deutsche Bank,1-5 Yrs,1,5,3.6-13.3L/yr,360000.0,1330000.0,Jaipur,17,Naukri,4.0,2900,"SSI, Swift Messaging, Trade Settlements"
Statistical Data Analyst,Altimetrik,6-11 Yrs,6,11,3.6-13.3L/yr,360000.0,1330000.0,Bangalore / Bengaluru,4,Naukri,3.8,882,"Regression, Ab Testing, Hypothesis"
Data Analyst - HR,JSW Steel,8-13 Yrs,8,13,3.6-13.3L/yr,360000.0,1330000.0,Navi Mumbai,19,Naukri,4.0,4900,"Data Analytics, HR Analytics"
Data Analyst,Nxtwave Disruptive Technologies,1-4 Yrs,1,4,3.6-13.3L/yr,360000.0,1330000.0,Hyderabad / Secunderabad,1,Naukri,3.9,494,"Excel, Power Bi, Bigquery"
Data Analyst,MSCI,0-3 Yrs,0,3,3.6-13.3L/yr,360000.0,1330000.0,Mumbai,3,Naukri,4.1,221,"Unix, Financial statements, Manager Quality Assurance"
Index Input Data Analyst,MSCI,1-2 Yrs,1,2,3.4-12.0L/yr,340000.0,1200000.0,Mumbai,3,Naukri,4.1,221,"Data analysis, Automation, Manager Quality Assurance"
Corporate Events Data Analyst,MSCI,1-2 Yrs,1,2,3.4-12.0L/yr,340000.0,1200000.0,Mumbai,3,Naukri,4.1,221,"CVS, Corporate actions, Networking"
Data Analyst (SQL+Tableau) - AVP,Deutsche Bank,10-16 Yrs,10,16,3.6-13.3L/yr,360000.0,1330000.0,Jaipur,18,Naukri,4.0,2900,"Data Engineering, SQL Development, Data Analysis"
Azure Data Analyst || Product Based MNC (Direct Payroll) || Kolkata,Digital Aptech,4-8 Yrs,4,8,7.0-16.0L/yr,700000.0,1600000.0,Kolkata,9,Naukri,4.5,107,"Data Management, ETL Tool, SQL Azure"
Data Analyst,Angel One,2-5 Yrs,2,5,17.0-25.0L/yr,1700000.0,2500000.0,Mumbai,5,Naukri,3.9,1300,"python, Power Bi, Tableau"
Data Analyst,Synechron,5-14 Yrs,5,14,3.6-13.3L/yr,360000.0,1330000.0,Mumbai,8,Naukri,3.6,2500,"Data analysis, Data modeling, Underwriting"
Data Analyst- Graphic Designer,Genpact,1-6 Yrs,1,6,2.0-6.0L/yr,200000.0,600000.0,Noida,30,Naukri,3.9,27000,"Print Design, Illustrator, Graphic Designing"
upGrad - Data Analyst - CRM (5-8 yrs),upgrad,5-8 Yrs,5,8,3.6-13.3L/yr,360000.0,1330000.0,Bangalore / Bengaluru,3,iimjobs,3.8,1600,"Analytics, Data Analytics, Web Analytics"
EDA Data Analyst,NXP Semiconductors,6-8 Yrs,6,8,3.6-13.3L/yr,360000.0,1330000.0,Bangalore / Bengaluru,12,Naukri,3.9,208,"Automation, Data analysis, Linux"
Looking Manager - MIS &Data Analyst based- Lowerparel-Immediate Joiner,Anand Rathi Insurance Brokers (ARIBL),3-8 Yrs,3,8,3.5-8.5L/yr,350000.0,850000.0,Mumbai,3,Naukri,4.2,61,"MIS report, MIS Operations, VLOOKUP"
Senior Data Security Engineer (Data Analyst along with Power BI),Kronos Solutions India Pvt. Ltd.,5-8 Yrs,5,8,3.6-13.3L/yr,360000.0,1330000.0,Noida,6,Naukri,3.6,459,"R, NoSQL, GCP BQ"
Hr Data Analyst,Yash Technologies,2-5 Yrs,2,5,3.6-13.3L/yr,360000.0,1330000.0,Hyderabad / Secunderabad,9,Naukri,3.8,1400,"HR MIS, People Analytics, Power Bi"
Marketing Ops Analyst,Target Corporation India Pvt Ltd,5-10 Yrs,5,10,3.6-13.3L/yr,360000.0,1330000.0,Bangalore / Bengaluru,26,Naukri,4.2,579,"Career development, Change management, metadata"
Data Analyst,Aster DM Healthcare,4-8 Yrs,4,8,3.6-13.3L/yr,360000.0,1330000.0,Gurgaon / Gurugram,13,Naukri,3.8,366,"Data Science, Predictive Modeling, Data Analysis"
Senior Data Analyst,"PayPal Holdings, Inc.",4-6 Yrs,4,6,3.6-13.3L/yr,360000.0,1330000.0,Chennai,18,Naukri,3.9,813,"Analytical, Finance, Commerce"
"Data Analyst(ETL, DWH , SQL Developer) with Hexaware Technologies",Hexaware Technologies,4-9 Yrs,4,9,3.6-13.3L/yr,360000.0,1330000.0,"Chennai, Pune, Bangalore / Bengaluru",12,Naukri,3.6,5000,"Etl Development, Data Warehousing, Dwh Implementation"
Data Analyst,Realpage,2-4 Yrs,2,4,6.0-9.0L/yr,600000.0,900000.0,Hyderabad / Secunderabad,5,Naukri,3.7,412,"Finance, Data Analysis, Advanced Excel"
Indium Software - Data Analyst - R/Python (1-5 yrs),Indium Software,1-5 Yrs,1,5,3.6-13.3L/yr,360000.0,1330000.0,"Bangalore / Bengaluru, Hyderabad / Secunderabad",13,hirist,4.1,698,"Data Analyst, Data Analytics, Python"
Data Analyst 2,upGrad,3-5 Yrs,3,5,3.6-13.3L/yr,360000.0,1330000.0,Bangalore Rural,5,Naukri,3.8,1600,"Google Analytics, Data Analysis, Data Extraction"
Financial MIS and Data Analyst,Sub K IMAPCT Solutions Limited,3-8 Yrs,3,8,3.6-13.3L/yr,360000.0,1330000.0,Hyderabad / Secunderabad,8,Naukri,4.1,231,"Financial Analytics, MIS, Data Modeling"
Data Analyst,Digital Aptech,4-8 Yrs,4,8,7.0-16.0L/yr,700000.0,1600000.0,Kolkata,13,Naukri,4.5,107,"Data Management, ETL Tool, Data Warehousing Concepts"
Business Analyst,Chubb,7-10 Yrs,7,10,3.6-13.3L/yr,360000.0,1330000.0,Bangalore / Bengaluru,10,Naukri,3.8,128,"Computer science, Data analysis, Data validation"
Data Analyst (Remote),Firstsource,1-5 Yrs,1,5,7.0-14.0L/yr,700000.0,1400000.0,Chennai,16,Naukri,3.8,4100,"Data Validation, Power Bi, Snowflake"
Data Analyst & Report Designer - TRAI,National Institute for Smart Government (NISG),5-10 Yrs,5,10,5.0-10.6L/yr,505000.0,1060000.0,New Delhi,4,Naukri,3.8,183,"Data Analysis, Cleaning, Data Processing"
Mondelez International - Global Procurement Insights Visualization Lead - QlikSense/Tableau/Power BI (8-14 yrs),Mondelez india foods private limited,8-14 Yrs,8,14,3.6-13.3L/yr,360000.0,1330000.0,Mumbai,30,hirist,4.4,895,"Data Visualization, Data Analytics, Power BI"
Senior Data Analyst (Azure),"Redpine Signals, Inc.",5-8 Yrs,5,8,3.6-13.3L/yr,360000.0,1330000.0,Hyderabad / Secunderabad,3,Naukri,4.6,19,"Wireless, Computer science, MS SQL"
Data Analyst/MIS Analyst For Hyderabad-Immediate joiners only,Wipro,3-6 Yrs,3,6,5.0-8.0L/yr,500000.0,800000.0,Hyderabad / Secunderabad,18,Naukri,3.8,41400,"Big Query, Power Bi, Scripts"
Senior Data Analyst,Teleperformance (TP),5-8 Yrs,5,8,3.6-13.3L/yr,360000.0,1330000.0,Mumbai,30,Naukri,3.8,23600,"Hive, Data Visualization, Spark"
Looker Developer - Data Analyst,Renault Nissan Technology  Business Centre IndiaPvt.Ltd,2-5 Yrs,2,5,3.6-13.3L/yr,360000.0,1330000.0,Chennai,12,Naukri,3.9,1400,"Data analysis, metadata, Usage"
ADAS Data Analyst_Engineer,Renault Nissan Technology  Business Centre IndiaPvt.Ltd,3-6 Yrs,3,6,3.6-13.3L/yr,360000.0,1330000.0,Chennai,12,Naukri,3.9,1400,"Usage, tableau, GIT"
Data Analyst,"PayPal Holdings, Inc.",3-6 Yrs,3,6,3.6-13.3L/yr,360000.0,1330000.0,Bangalore / Bengaluru,20,Naukri,3.9,813,"Data analysis, Analytical, Manager Technology"
Data Analyst,Nureca Limited,4-6 Yrs,4,6,3.5-6.0L/yr,350000.0,600000.0,Chandigarh,11,Naukri,4.4,123,"Google Sheets, G Suite, Google Apps Script"
Manager - Data Analyst,Murugappa Group,5-10 Yrs,5,10,10.0-15.0L/yr,1000000.0,1500000.0,Chennai,25,Naukri,4.0,237,"tableau, Power BI, Data Analytics"
Content Designer,Acko General,3-4 Yrs,3,4,3.6-13.3L/yr,360000.0,1330000.0,Bangalore / Bengaluru,3,Naukri,3.8,390,"Analytical skills, Copy writing, digital campaigns"
Senior Associate,Pricewaterhouse Coopers Private Limited,4-7 Yrs,4,7,6.0-17.5L/yr,600000.0,1746000.0,Kolkata,24,Naukri,3.5,7500,"Stakeholder Engagement, Consulting, Data Analyst"
Data Analyst,Cimpress,3-8 Yrs,3,8,3.6-13.3L/yr,360000.0,1330000.0,Mumbai,18,Naukri,3.9,266,"macros, data analysis, data management"
Advanced Data Analyst,Honeywell,7-8 Yrs,7,8,3.6-13.3L/yr,360000.0,1330000.0,Hyderabad / Secunderabad,23,Naukri,4.0,346,"Order management, Procurement, Business process"
PLM Data Analyst,Syngenta Global,8-10 Yrs,8,10,3.6-13.3L/yr,360000.0,1330000.0,Pune,30,Naukri,4.2,780,"Analytical, PLM, Pharma"
Senior data analyst,Spice Money,4-8 Yrs,4,8,3.6-13.3L/yr,360000.0,1330000.0,Remote,5,Naukri,4.0,273,"Excel, Coding, Senior Data Analyst"
Data Analyst,Spice Money,2-5 Yrs,2,5,3.6-13.3L/yr,360000.0,1330000.0,Noida,5,Naukri,4.0,273,"Excel, Coding, Data Analyst"
Compensation And Benefits Specialist,Ace Creative Learning,4-7 Yrs,4,7,3.6-13.3L/yr,360000.0,1330000.0,Bangalore / Bengaluru,5,Naukri,4.0,113,"Payroll, Data Analyst in Payroll, MIS"
MSCI - Index Input Data Analyst/Associate (1-6 yrs),MSCI,1-6 Yrs,1,6,3.6-13.3L/yr,360000.0,1330000.0,Mumbai,10,iimjobs,4.1,221,"Data Analytics, Reference Data, CFA"
Data Analyst cum Business Analyst,Kauvery Hospital,3-8 Yrs,3,8,3.6-13.3L/yr,360000.0,1330000.0,Chennai,8,Naukri,4.0,292,"Business Intelligence, Business Consulting, statistical tools"
Data Analyst - Power BI (5-8 yrs),SGS Technical Services Pvt. Ltd,5-8 Yrs,5,8,3.6-13.3L/yr,360000.0,1330000.0,Pune,30,hirist,3.9,1400,"Data Analytics, Power BI, Data Visualization"
Data Analyst / MIS Executive,Echobooom Management,0-1 Yrs,0,1,0.5-2.5L/yr,50000.0,250000.0,Mumbai,3,Naukri,3.9,529,"excel, reports, data"
Hiring For Data Analyst,Xceedance,4-6 Yrs,4,6,15.0-20.0L/yr,1500000.0,2000000.0,"Pune, Bangalore Rural, Gurgaon / Gurugram",3,Naukri,3.7,578,"Redshift Db, Data Warehousing, ETL"
Senior Data Analyst,Morningstar India (P) Ltd.,2-7 Yrs,2,7,3.6-13.3L/yr,360000.0,1330000.0,Mumbai,19,Naukri,3.9,928,"Administration, Manager Quality Assurance, Publishing"
Hr Data Analyst,O P Jindal Global University (JGU),7-12 Yrs,7,12,3.6-13.3L/yr,360000.0,1330000.0,Sonipat,3,Naukri,4.0,157,"HR MIS, Excel Dashboards, Data Analysis"
Data Analyst,CMS Computers Ltd,9-12 Yrs,9,12,3.6-13.3L/yr,360000.0,1330000.0,"Delhi/Ncr, New Delhi",11,Naukri,3.9,537,"Power Bi, Statistical Modeling, Data Visualization"
ESG Data Analyst,Equinix,3-4 Yrs,3,4,3.6-13.3L/yr,360000.0,1330000.0,Bangalore / Bengaluru,2,Naukri,4.1,33,"Analytical skills, Excel, Software packages"
NIIT is Urgently hiring  Data Analyst(Gurgaon),NIIT,5-10 Yrs,5,10,3.0-5.5L/yr,300000.0,550000.0,Gurgaon / Gurugram,11,Naukri,3.7,1200,"Data Management, Mis Analysis, Data Analysis"
Data Analyst,SKF TECHNOLOGIES (INDIA) PRIVATE LIMITED,5-10 Yrs,5,10,3.6-13.3L/yr,360000.0,1330000.0,Bangalore / Bengaluru,16,Naukri,4.0,929,"Data analysis, Excel, SAS"
Data Analyst,Myntra.com,1-3 Yrs,1,3,4.0-18.0L/yr,400000.0,1800000.0,Bangalore / Bengaluru,16,Naukri,4.0,1700,"Customer acquisition, Associate Data Analyst, Reconciliation"
Technical Consultant - Tableau,Salesforce,3-8 Yrs,3,8,3.6-13.3L/yr,360000.0,1330000.0,"Pune, Bangalore / Bengaluru, Gurgaon / Gurugram",30,Naukri,4.1,714,"tableau, Data modeling, Agile development"
"Data Visualization Analyst - TRAI , Delhi",National Institute for Smart Government (NISG),6-11 Yrs,6,11,10.0-20.0L/yr,1000000.0,2000000.0,New Delhi,10,Naukri,3.8,183,"Data analyst, Data Analysis, Data Visualization"
Data Analyst,Clairvoyant India Pvt. Ltd,2-6 Yrs,2,6,3.6-13.3L/yr,360000.0,1330000.0,"Pune, Hyderabad / Secunderabad",2,Naukri,4.0,73,"Data management, Analytical, Schema"
Senior Tableau Developer & Data Analyst,Siemens Limited,3-6 Yrs,3,6,3.6-13.3L/yr,360000.0,1330000.0,Pune,30,Naukri,4.2,4200,"Analytics, SQL, Consulting"
Associate-Data Analyst (Cost Optimisation),Delhivery,0-4 Yrs,0,4,3.6-13.3L/yr,360000.0,1330000.0,"Delhi/Ncr, Bangalore Rural",30,Naukri,3.9,5300,"Data Analysis, Cost Optimization, Variance Analysis"
Associate Data Analyst- FPM,CAE Inc.,1-2 Yrs,1,2,3.6-13.3L/yr,360000.0,1330000.0,Bangalore / Bengaluru,23,Naukri,4.3,36,"Analytical skills, data services, Document review"
99acres is hiring For MIS / Data analyst,Info Edge,3-5 Yrs,3,5,4.5-7.0L/yr,450000.0,700000.0,Noida,27,Naukri,4.0,1700,"Pivot Table, Power Bi, VLOOKUP"
Data Analyst,DTDC Express,3-7 Yrs,3,7,3.6-13.3L/yr,360000.0,1330000.0,Delhi/Ncr,27,Naukri,3.8,2500,"Data Management, Data Analysis, Advanced Excel"
Capco - Senior Data Analyst - Python/PySpark (8-10 yrs),Capco Technologies Pvt Ltd,8-10 Yrs,8,10,3.6-13.3L/yr,360000.0,1330000.0,"Bangalore / Bengaluru, Hyderabad / Secunderabad, Pune",14,hirist,3.7,424,"Data Analyst, Python, PySpark"
Prop Solution - Senior Manager/Assistant General Manager - Data Analyst (2-4 yrs),Prop Solutions4U Pvt Ltd,2-4 Yrs,2,4,3.6-13.3L/yr,360000.0,1330000.0,Navi Mumbai,20,iimjobs,4.6,41,"Analytics, Data Analytics"
Data Analyst,PlanetSpark,1-4 Yrs,1,4,6.0-8.0L/yr,600000.0,800000.0,Gurgaon / Gurugram,6,Naukri,3.7,1700,"EDA, Insights, Power Bi"
Reference Data Analyst,DEUTSCHE BANK AG,10-12 Yrs,10,12,3.6-13.3L/yr,360000.0,1330000.0,Bangalore / Bengaluru,30,Naukri,4.0,2900,"Modification, People management, Clearing Data Quality"
"Reference Data Analyst, NCT",DEUTSCHE BANK AG,3-5 Yrs,3,5,4.7-6.0L/yr,470000.0,600000.0,Jaipur,30,Naukri,4.0,2900,"derivatives, data analysis, Fixed income cash"
Tata AIG - Chief Manager - Data Analyst (3-7 yrs),TATA AIG,3-7 Yrs,3,7,3.6-13.3L/yr,360000.0,1330000.0,Mumbai,30,iimjobs,4.1,2300,"Analytics, Data Analytics, Data Management"
Senior Financial Data Analyst,Moody's Analytics,1-3 Yrs,1,3,3.6-13.3L/yr,360000.0,1330000.0,Bangalore / Bengaluru,17,Naukri,3.8,231,"structured finance, Financial Data Analyst, credit analysis"
"Data Analyst - Andheri,Mumbai @A.T.E.HUBER Envirotech Private Limited.",A T E Enterprises,0-2 Yrs,0,2,4.0-5.0L/yr,400000.0,500000.0,Mumbai,5,Naukri,4.0,96,"Data Management, Data Analysis, Data Extraction"
Senior Data Analyst,Tek Travels,15-22 Yrs,15,22,3.6-13.3L/yr,360000.0,1330000.0,Gurgaon / Gurugram,2,Naukri,3.8,48,"Power Bi, Reports And Dashboards, Tableau"
ImpactGuru - Senior Data Analyst (3-4 yrs),Impact Guru Technology Ventures Pvt Ltd,3-4 Yrs,3,4,3.6-13.3L/yr,360000.0,1330000.0,Mumbai,18,hirist,4.1,333,"Data Analyst, Data Analytics, Dashboard Design"
ImpactGuru - Senior Data Analyst (2-4 yrs),Impact Guru Technology Ventures Pvt Ltd,2-4 Yrs,2,4,3.6-13.3L/yr,360000.0,1330000.0,Mumbai,18,hirist,4.1,333,"Data Analyst, SQL, Data Analytics"
Impact Guru - Senior Data Analyst (3-4 yrs),Impact Guru Technology Ventures Pvt Ltd,3-4 Yrs,3,4,3.6-13.3L/yr,360000.0,1330000.0,Mumbai,18,iimjobs,4.1,333,"Tableau, Data Analytics, Analytics"
AME Data Analyst,Garrett Advancing Motion,3-8 Yrs,3,8,3.6-13.3L/yr,360000.0,1330000.0,Pune,3,Naukri,3.5,73,"Computer science, Test strategy, agile project management"
"Senior Data Analyst- Business Analyst(Data & Analytics), Cloud",InfoStretch Corporation (India) Pvt. Ltd,6-9 Yrs,6,9,3.6-13.3L/yr,360000.0,1330000.0,Hyderabad / Secunderabad,9,Naukri,3.4,891,"metadata, python, data management"
Big Data Engineer,Hexaware Technologies Ltd.,8-9 Yrs,8,9,3.6-13.3L/yr,360000.0,1330000.0,"Chennai, Pune, New Delhi",26,Naukri,3.6,5000,"Investment products, tableau, Excel"
Impact Guru - Data Analyst - SQL/SAS/R (2-4 yrs),Impact Guru,2-4 Yrs,2,4,3.6-13.3L/yr,360000.0,1330000.0,Mumbai,19,hirist,4.1,333,"Data Analyst, SQL, SAS"
Sr Advanced Data Analyst,Honeywell,8-12 Yrs,8,12,3.6-13.3L/yr,360000.0,1330000.0,Bangalore / Bengaluru,30,Naukri,4.0,346,"Procurement, ERP, Business objects"
Data Analyst(Azure) opportunity with Hexaware!!!!,Hexaware Technologies,4-9 Yrs,4,9,3.6-13.3L/yr,360000.0,1330000.0,"Chennai, Pune, Bangalore / Bengaluru",27,Naukri,3.6,5000,"python, power bi, Data Analyst"
Data Analyst - Bangalore,Protiviti India,1-2 Yrs,1,2,3.6-13.3L/yr,360000.0,1330000.0,Bangalore / Bengaluru,3,Naukri,3.4,296,"Excel, Power Bi, Tableau"
Sr Data Analyst,Gartner,4-9 Yrs,4,9,3.6-13.3L/yr,360000.0,1330000.0,Gurgaon / Gurugram,30,Naukri,4.1,458,"Recruitment, Data analysis, SQL"
Data Analyst,Godrej Agrovet,1-3 Yrs,1,3,3.5-4.5L/yr,350000.0,450000.0,"Bangalore / Bengaluru, Hyderabad / Secunderabad",15,Naukri,3.7,951,"Data Validation, Countif, Power Bi"
Data Analyst,Lloyds Metals and Energy(LMEL),1-6 Yrs,1,6,3.6-13.3L/yr,360000.0,1330000.0,Nagpur,8,Naukri,3.9,104,"marketing, operations, data"
Data Analyst Intern,Webindia Inc,0-1 Yrs,0,1,0.5-1.8L/yr,50000.0,175000.0,Ahmedabad,16,Naukri,4.3,43,"Data Presentation, Data Manipulation, Data Management"
Data Modeller,Tekgence,9-14 Yrs,9,14,3.6-13.3L/yr,360000.0,1330000.0,"Chennai, Bangalore / Bengaluru",2,Naukri,4.1,25,"Data Modeling, ERwin, data analyst"
Data Modeller,Tekgence,9-14 Yrs,9,14,3.6-13.3L/yr,360000.0,1330000.0,"Chennai, Bangalore / Bengaluru",2,Naukri,4.1,25,"Data Modeling, ERwin, data analyst"
Data Analyst - Sales Operations Data (4-10 yrs),Antal Internationals Network,4-10 Yrs,4,10,3.6-13.3L/yr,360000.0,1330000.0,Chennai,4,iimjobs,3.6,86,"Data Analytics, Analytics, Sales Analytics"
Data Analyst,Citco,2-5 Yrs,2,5,3.6-13.3L/yr,360000.0,1330000.0,Hyderabad / Secunderabad,4,Naukri,3.1,699,"Data management, Corporate governance, Service industry"
HSSE Q&R Data Analyst,SBM Nauvata Pvt. Ltd.,3-10 Yrs,3,10,3.6-13.3L/yr,360000.0,1330000.0,Bangalore / Bengaluru,3,Naukri,4.0,27,"Computer science, Data management, Renewable energy"
Data Analyst,Ignitho Technologies (India) Pvt.Ltd,4-9 Yrs,4,9,3.6-13.3L/yr,360000.0,1330000.0,Chennai,6,Naukri,4.0,37,"Data analysis, Business analysis, Database management"
BI Data Analyst,"ATMECS Technologies Pvt., Ltd.",5-8 Yrs,5,8,3.6-13.3L/yr,360000.0,1330000.0,Hyderabad / Secunderabad,5,Naukri,3.4,197,"Data analysis, Manager Quality Assurance, SAS"
Data Analyst -Powertrain || Bangalore,GlobalLogic,5-10 Yrs,5,10,3.6-13.3L/yr,360000.0,1330000.0,Pune,30,Naukri,3.7,3800,"python, data analysis, process analysis"
Data Analyst,Lifecell,3-5 Yrs,3,5,2.0-4.5L/yr,200000.0,450000.0,Chennai,10,Naukri,3.5,547,"Power Bi, Mis Analysis, Data Analysis"
Genpact - Data Analyst - Python - Predictive Analytics (7-10 yrs),Genpact Enterprise Risk Consulting,7-10 Yrs,7,10,3.6-13.3L/yr,360000.0,1330000.0,"Pune, Gurgaon / Gurugram",5,iimjobs,3.7,45,"Analytics, Predictive Analytics, Data Analytics"
Urgent Requirement For Data Analyst in HR & Training,Utkarsh Small Finance Bank,3-7 Yrs,3,7,3.6-13.3L/yr,360000.0,1330000.0,Varanasi,27,Naukri,3.9,2700,"Data Handling, Attrition Analysis, PMS"
Specialist - Investments,Marsh &amp;amp; McLennan Companies,2-4 Yrs,2,4,4.0-8.8L/yr,400000.0,883000.0,"Pune, Mumbai",30,Naukri,4.0,558,"Data analysis, Front office, Data management"
Data Analyst,Mediplus,3-5 Yrs,3,5,3.5-6.0L/yr,350000.0,600000.0,Delhi/Ncr,17,Naukri,4.2,56,"Data Management, Data Analysis, Data Analytics"
Data Analyst,S&P Capital IQ (India) Pvt. Ltd,2-5 Yrs,2,5,3.6-13.3L/yr,360000.0,1330000.0,Bangalore / Bengaluru,30,First Naukri,4.2,2200,Data Analyst
Data Analyst,Rage Communications Pvt. Ltd.,2-3 Yrs,2,3,3.6-13.3L/yr,360000.0,1330000.0,Chennai,2,Naukri,3.9,29,"project management, BigQuery, Google Analytics"
Business Analyst,NIIT,1-3 Yrs,1,3,7.5-12.0L/yr,750000.0,1200000.0,Gurgaon / Gurugram,25,Naukri,3.7,1200,"Google Data Studio, Data analyst, Advance Excel"
Senior Data Analyst (Argus Database & Oracle BI Publisher),EVERSANA India Pvt. Ltd,7-12 Yrs,7,12,13.5-15.0L/yr,1350000.0,1500000.0,Pune,13,Naukri,3.7,122,"Argus Safety, Bi Publisher, Oracle Argus"
MIS / Data Analyst - ABDM (NHA) -Chandigarh,National Institute for Smart Government (NISG),3-8 Yrs,3,8,4.0-6.0L/yr,400000.0,600000.0,Chandigarh,24,Naukri,3.8,183,"Healthcare, Data Analyst, EHR"
Hiring Chemical Data Analyst,Straive,2-7 Yrs,2,7,3.6-13.3L/yr,360000.0,1330000.0,Chennai,26,Naukri,3.5,1500,"ChemDraw, Patient analysis, Articles"
Data Analyst,Astral Adhesives,1-3 Yrs,1,3,3.6-13.3L/yr,360000.0,1330000.0,Ahmedabad,2,Naukri,4.3,683,"Data Modelling, Data Extraction, Data Cleansing"
Hindustan Times  - Market Data Analyst (1-3 yrs),Hindustan Times,2-5 Yrs,2,5,3.6-13.3L/yr,360000.0,1330000.0,Bangalore / Bengaluru,19,iimjobs,3.6,235,Data Analyst
Sr. Data Analyst,Aeries Technology Group,5-10 Yrs,5,10,3.6-13.3L/yr,360000.0,1330000.0,Bangalore / Bengaluru,4,Naukri,3.5,255,"Data analysis, Business analytics, Analytical"
Data Analyst,ICICI Lombard,3-8 Yrs,3,8,5.0-15.0L/yr,500000.0,1500000.0,Mumbai,30,Naukri,3.8,3900,"Excel, Power Bi, SAAS"
Urgently Required Data Analyst For Logistic Industry in Noida,Sugam Parivahan,2-5 Yrs,2,5,4.0-5.0L/yr,400000.0,500000.0,Noida,19,Naukri,3.8,145,"Data Analysis, Data Quality Management"
Data Analyst - Python/Business Intelligence (3-10 yrs),ATech,3-10 Yrs,3,10,3.6-13.3L/yr,360000.0,1330000.0,"Hyderabad / Secunderabad, Jaipur, Rajasthan",3,hirist,4.0,19,"Data Analyst, Data Science, Python"
Data Analyst,CSM Technologies,8-12 Yrs,8,12,3.6-13.3L/yr,360000.0,1330000.0,New Delhi,30,Naukri,4.5,579,"Coding, Data Analyst, data visualization"
Airtel - Senior Lead Data Analyst (6-12 yrs),Airtel,6-12 Yrs,6,12,3.6-13.3L/yr,360000.0,1330000.0,Gurgaon / Gurugram,30,iimjobs,4.0,12200,"Data Analytics, Analytics, Consulting - Telecom"
Supply Chain Reporting Data Analyst,Alcon Pharmaceuticals Pvt. Ltd.,2-7 Yrs,2,7,3.6-13.3L/yr,360000.0,1330000.0,Bangalore / Bengaluru,30,Naukri,3.7,366,"Troubleshooting, Recruitment, SQL"
Junior Data Analyst,Citco,1-2 Yrs,1,2,3.6-13.3L/yr,360000.0,1330000.0,Hyderabad / Secunderabad,10,Naukri,3.1,699,"Junior Analyst, Training, Corporate governance"
Marketing Data Analyst,Foodlink Services,2-3 Yrs,2,3,6.0-7.5L/yr,600000.0,750000.0,Mumbai,19,Naukri,4.0,84,"Marketing Campaigns, Market Research And Analysis, Pricing Strategy"
Lead Data Analyst - Business Intelligence (10-15 yrs),ABC Consultants,10-15 Yrs,10,15,3.6-13.3L/yr,360000.0,1330000.0,Bangalore / Bengaluru,18,hirist,3.8,309,"Data Analyst, Data Analytics, Tableau"
Market Data Analyst,Pentair,7-12 Yrs,7,12,3.6-13.3L/yr,360000.0,1330000.0,Noida,30,Naukri,4.0,89,"Predictive Modeling, Power BI, SAS"
"Data Analyst (Tableau, SQL, AWS, Python)",OSI Digital,4-8 Yrs,4,8,3.6-13.3L/yr,360000.0,1330000.0,Hyderabad / Secunderabad,11,Naukri,3.6,99,"Tableau, AWS, Python"
Hiring For Power BI Support !,NOVAC,4-9 Yrs,4,9,3.6-13.3L/yr,360000.0,1330000.0,Navi Mumbai,30,Naukri,4.0,370,"MIS Preparation, Loan Origination, Power Bi"
Senior Data Analyst Lead / Manager,Wellthy  Therapeutics,8-12 Yrs,8,12,25.0-37.5L/yr,2500000.0,3750000.0,Mumbai,5,Naukri,3.8,43,"Power BI, DATA DRIVEN, Data Visualization"
Data Analyst,Speridian Technologies,4-6 Yrs,4,6,2.0-4.5L/yr,200000.0,450000.0,Cochin/Ernakulam/Kochi,16,Naukri,3.5,251,"Azure Synapse, Azure Data Factory, Elastic Search"
Senior Executive - Data Analyst,VIACOM 18 MEDIA PRIVATE LIMITED,2-4 Yrs,2,4,3.6-13.3L/yr,360000.0,1330000.0,Mumbai,10,Naukri,3.7,74,"Computer science, Data analysis, Social media"
Data Analyst,Morepen Laboratories,0-2 Yrs,0,2,2.0-5.0L/yr,200000.0,500000.0,Mumbai,25,Naukri,4.0,334,"Data Transformation, Data Analysis, Data Mining"
Wipro Consumer Care - Data Analyst - Internal Audit Department (2-4 yrs),Wipro Consumer Care & Lighting,2-4 Yrs,2,4,3.6-13.3L/yr,360000.0,1330000.0,Bangalore / Bengaluru,30,iimjobs,3.9,2300,"Data Warehousing, Data Analytics, SQL"
Wipro Consumer Care - Data Analyst - Internal Audit Department (2-4 yrs),Wipro Consumer Care & Lighting,2-4 Yrs,2,4,3.6-13.3L/yr,360000.0,1330000.0,Bangalore / Bengaluru,30,iimjobs,3.9,2300,"Data Analytics, Analytics, SQL"
Data Analyst,Sumeru Digital Solutions,2-6 Yrs,2,6,3.6-13.3L/yr,360000.0,1330000.0,Bangalore / Bengaluru,6,Naukri,4.6,7,Data Analyst
Clinical Data Analyst,CBCC Global Research,1-3 Yrs,1,3,3.6-13.3L/yr,360000.0,1330000.0,Ahmedabad,3,Naukri,4.6,28,"clinical Data Co-ordinator, Data Validation, EDC"
Data Analyst,Phenompeople,4-9 Yrs,4,9,3.6-13.3L/yr,360000.0,1330000.0,Hyderabad / Secunderabad,30,Naukri,4.2,270,"Healthcare, Analytics, Data analysis"
Better - Data Analyst (2-4 yrs),BMTG Advisors India Private Limited,2-4 Yrs,2,4,3.6-13.3L/yr,360000.0,1330000.0,Remote,12,iimjobs,3.0,725,"Data Analytics, Analytics, SQL"
Data Analyst Trainer,Fortune Cloud Technologies,1-2 Yrs,1,2,2.2-3.8L/yr,225000.0,375000.0,Pune,3,Naukri,4.4,56,"Data Anlalytics, Power Bi, Data science"
Messaging Trust Data Analyst,Syniverse Technologies Services India Pvt. Ltd.,2-7 Yrs,2,7,3.6-13.3L/yr,360000.0,1330000.0,"Bangalore / Bengaluru, Hyderabad / Secunderabad",6,Naukri,3.3,111,"data analysis, data science, business writing"
Data Analyst II,SE2 Digital Service LLP,4-5 Yrs,4,5,3.6-13.3L/yr,360000.0,1330000.0,"Chennai, Pune, New Delhi",11,Naukri,3.5,85,"Data analysis, Analytical, Workforce planning"
Data Analyst - 1,Capillary Technologies India Pvt. Ltd.,2-5 Yrs,2,5,3.6-13.3L/yr,360000.0,1330000.0,Bangalore / Bengaluru,12,Naukri,3.5,173,"Statistical programming, Automation, Data analysis"
Senior Tableau Data Analyst,Apps Associates (I) Pvt. Ltd,5-7 Yrs,5,7,3.6-13.3L/yr,360000.0,1330000.0,Hyderabad / Secunderabad,21,Naukri,3.9,137,"ERP, Azure Cloud, Snowflake"
Data Analyst  - SQL (1-11 yrs),A Tech India,1-11 Yrs,1,11,3.6-13.3L/yr,360000.0,1330000.0,"Bangalore / Bengaluru, Chennai, Goa",10,iimjobs,4.0,19,"Data Analytics, Analytics, SQL"
Content Data Analyst,GHX INDIA PRIVATE LIMITED,1-6 Yrs,1,6,3.6-13.3L/yr,360000.0,1330000.0,Hyderabad / Secunderabad,4,Naukri,3.8,15,"medical, python, data management"
Senior Power BI/Data Analyst,Arcadis Consulting India Pvt. Ltd,7-10 Yrs,7,10,3.6-13.3L/yr,360000.0,1330000.0,Bangalore / Bengaluru,30,Naukri,4.2,191,"SQL, Python, Production support"
Senior Data Analyst,Launch It Consulting,6-10 Yrs,6,10,3.6-13.3L/yr,360000.0,1330000.0,Hyderabad / Secunderabad,12,Naukri,3.5,56,"Power Bi, Data Analysis, SQL Queries"
Master Data Analyst,Saasvaap,3-8 Yrs,3,8,3.6-13.3L/yr,360000.0,1330000.0,"Thiruvananthapuram, Cochin/Ernakulam/Kochi, Bangalore / Bengaluru",27,Naukri,4.2,65,"data analysis, data modeling, PowerDesigner"
Snapmint - Data Analyst (0-1 yrs),Snapmint,0-1 Yrs,0,1,3.6-13.3L/yr,360000.0,1330000.0,"Mumbai, Bangalore / Bengaluru",11,iimjobs,3.9,27,"Python, SQL, Analytics"
Data Analyst - Python/Power BI (3-5 yrs),Golden Eagle IT Technologies Pvt Ltd.,3-5 Yrs,3,5,3.6-13.3L/yr,360000.0,1330000.0,Indore,17,hirist,4.3,15,"Data Analyst, Data Analytics, Power BI"
Senior Data Analyst - Tableau/Power BI (3-5 yrs),Golden Eagle IT Technologies Pvt Ltd.,3-5 Yrs,3,5,3.6-13.3L/yr,360000.0,1330000.0,"Mp, Indore",17,hirist,4.3,15,"Power BI, Tableau, SQL"
Analyst || Stanza Living || Gurgaon,Stanza Living,2-5 Yrs,2,5,6.0-8.0L/yr,600000.0,800000.0,Gurgaon / Gurugram,5,Naukri,3.1,806,"Google Sheets, Excel, Business Analyst"
Senior Data Analyst,Paxcom India,4-7 Yrs,4,7,9.0-14.0L/yr,900000.0,1400000.0,Gurgaon / Gurugram,23,Naukri,4.0,56,"Predictive Modeling, R, Power Bi"
Senior Data Analyst III,VIACOM 18 MEDIA PRIVATE LIMITED,10-12 Yrs,10,12,3.6-13.3L/yr,360000.0,1330000.0,"Mumbai, Bangalore / Bengaluru",16,Naukri,3.7,74,"Telecom, Bfsi, Analytical"
Data Steward - EU Taxonomy Data (Analyst),Institutional Shareholder Services Inc.,1-4 Yrs,1,4,3.6-13.3L/yr,360000.0,1330000.0,Mumbai,27,Naukri,3.8,84,"Business analytics, Manager Quality Assurance, Data collection"
Data Analyst | Insurance,Cars24,5-8 Yrs,5,8,3.6-13.3L/yr,360000.0,1330000.0,Delhi/Ncr,30,Naukri,3.7,3000,"Strategy, Tableau, Data Analytics"
Data Analyst,Lenexis Foodworks,5-10 Yrs,5,10,3.6-13.3L/yr,360000.0,1330000.0,Mumbai,30,Naukri,4.1,121,"algorithms, Process Automation, Data Engineering"
Data Scientist,Manya Education,5-10 Yrs,5,10,6.5-12.0L/yr,650000.0,1200000.0,New Delhi,5,Naukri,3.4,73,"Data analyst, R, SQL Queries"
Marketing Data Analyst,PGi,2-5 Yrs,2,5,3.6-13.3L/yr,360000.0,1330000.0,Hyderabad / Secunderabad,30,Naukri,4.2,106,"CRM, Analytics, Data analysis"
Data Analyst,YRG Care,4-5 Yrs,4,5,3.6-13.3L/yr,360000.0,1330000.0,Hyderabad / Secunderabad,30,Naukri,4.2,62,"Data analysis, SPSS, Data management"
BI Data Analyst,Comviva Technology,3-5 Yrs,3,5,3.6-13.3L/yr,360000.0,1330000.0,Gurgaon / Gurugram,20,Naukri,3.3,603,"Excel, Power Bi, Data Visualization"
Machine Learning Engineer - Python/Spark (5-8 yrs),SundayLabs,5-8 Yrs,5,8,3.6-13.3L/yr,360000.0,1330000.0,Bangalore / Bengaluru,30,hirist,4.8,13,"Machine Learning, Python, Spark"
Rezo.AI - Senior Data Analyst (4-6 yrs),Rezo.AI,4-6 Yrs,4,6,3.6-13.3L/yr,360000.0,1330000.0,Noida,24,hirist,4.0,57,"Data Analyst, Data Analytics, Statistical Analyst"
Zimetrics Technologies - Business Intelligence/Data Analyst - Looker/SQL/Scripting (4-8 yrs),Zimetrics Technologies Private Limited,4-8 Yrs,4,8,3.6-13.3L/yr,360000.0,1330000.0,Pune,20,hirist,4.5,228,"Business Intelligence, Data Analyst, Data Analytics"
Futurisk Insurance Broking -Senior Data Analyst- Chennai,Futurisk Insurance Broking Company (P) ltd,3-8 Yrs,3,8,5.0-11.0L/yr,500000.0,1100000.0,Chennai,24,Naukri,4.1,34,"Data Transformation, Data Quality, Data Management"
Data Analyst,Husk Power Systems,5-7 Yrs,5,7,3.6-13.3L/yr,360000.0,1330000.0,Pune,20,Naukri,3.8,75,"Power Bi, Data Analysis, SQL Database"
Data Analyst - SQL/Tableau (3-5 yrs),Overture Rede Private Limited.,3-5 Yrs,3,5,3.6-13.3L/yr,360000.0,1330000.0,Chennai,4,hirist,4.3,21,"Data Analyst, Data Analytics, SQL"
Data Analyst,Accolite Digital,4-9 Yrs,4,9,7.0-14.0L/yr,700000.0,1400000.0,Gurgaon / Gurugram,25,Naukri,3.4,593,"Iics, Powercenter, Postgresql"
Senior System Analyst,Infinite Computer Solutions India Pvt. Ltd.,2-5 Yrs,2,5,3.6-13.3L/yr,360000.0,1330000.0,Noida,30,Naukri,3.5,1200,"Data Analyst, Customer service, SQL"
Tableau Developer - Analytics Dashboards (4-7 yrs),Indium Software,4-7 Yrs,4,7,3.6-13.3L/yr,360000.0,1330000.0,Chennai,30,hirist,4.1,698,"Tableau, SQL, Analytics Dashboards"
Data Analyst,Inchcape Shipping Services India Pvt. Ltd,2-5 Yrs,2,5,3.6-4.3L/yr,360000.0,430000.0,Remote,24,Naukri,3.5,139,"data cleansing, Trade, Excel"
Business cum Data analyst,E Connect Solutions Pvt Ltd,10-13 Yrs,10,13,3.6-13.3L/yr,360000.0,1330000.0,Bhopal,30,Naukri,4.0,72,"Gap Analysis, Requirements Management, Business Analytics"
Data Analyst,Comviva Technology,3-8 Yrs,3,8,5.0-8.0L/yr,500000.0,800000.0,Delhi/Ncr,23,Naukri,3.3,603,"Communication Skills, Analytical Skills, Data Extraction"
Data Analyst,Deepak Foundation,5-6 Yrs,5,6,3.6-13.3L/yr,360000.0,1330000.0,Vadodara,26,Naukri,3.8,92,"R, STATA, NGO Management"
sr Data Scientist / Data Analyst 6+ yrs,Encore Infotech Services,6-9 Yrs,6,9,3.6-13.3L/yr,360000.0,1330000.0,Hyderabad / Secunderabad,22,Naukri,3.9,38,"Data Scientist, Data Analyst, AI technology"
Senior BI Data Analyst,Ignitho Technologies (India) Pvt.Ltd,4-6 Yrs,4,6,3.6-13.3L/yr,360000.0,1330000.0,Chennai,25,Naukri,4.0,37,"Data analysis, Business analysis, Analytical"
Data Analyst- Contractual role For Product based company,Protiviti India,3-5 Yrs,3,5,6.0-10.0L/yr,600000.0,1000000.0,"Bangalore / Bengaluru, Bangalore Rural",25,Naukri,3.4,296,"Tableau, Ab Testing, SQL"
Data Analyst - Contractual role- Bangalore,Protiviti India,3-6 Yrs,3,6,6.0-10.0L/yr,600000.0,1000000.0,"Bangalore / Bengaluru, Bangalore Rural",25,Naukri,3.4,296,"Tableau, Ab Testing, Python"
Data analyst,"Thejo Engineering Ltd, Chennai",3-7 Yrs,3,7,3.6-13.3L/yr,360000.0,1330000.0,Chennai,30,Naukri,3.7,135,"Power Bi, Tableau, SQL Server"
SAP Data Analyst,Ford Global Business Services,1-5 Yrs,1,5,3.6-13.3L/yr,360000.0,1330000.0,Chennai,60,Naukri,4.5,726,"Sheduling, variant onfiguration, SAP"
"Data Analyst, Credit Ratings",Morningstar India (P) Ltd.,0-2 Yrs,0,2,3.6-13.3L/yr,360000.0,1330000.0,Mumbai,30,Naukri,3.9,928,"Data Analyst, Customer service, Credit rating"
"Senior Data Analyst, Credit Ratings",Morningstar India (P) Ltd.,1-3 Yrs,1,3,5.5-8.0L/yr,550000.0,800000.0,Mumbai,30,Naukri,3.9,928,"Data Analyst, Customer service, Credit rating"
Data Analyst PowerBI,Ebizon,1-3 Yrs,1,3,3.6-13.3L/yr,360000.0,1330000.0,Mumbai,6,Naukri,3.3,59,"Mining, SAS, Technical writing"
Data Analyst PowerBI,Ebizon Net Info Pvt Ltd,2-4 Yrs,2,4,3.6-13.3L/yr,360000.0,1330000.0,Mumbai,6,Naukri,3.3,59,"Computer science, Mining, SAS"
Senior Data Analyst / Data Analyst Manager Immediate Requirement,Millennium Organisation,2-7 Yrs,2,7,3.5-7.0L/yr,350000.0,700000.0,Mumbai,2,Naukri,3.4,25,"Business Strategy, Sales Analysis, Team Handling"
Data Analyst,Clairvoyant India,4-7 Yrs,4,7,3.6-13.3L/yr,360000.0,1330000.0,"Pune, Bangalore Rural, Gurgaon / Gurugram",30,Naukri,4.0,73,"Pyspark, SQL, Python"
Immediate requirement For Data Analyst (Power BI) - Indore,Annova Solutions Pvt Ltd,1-2 Yrs,1,2,1.2-2.8L/yr,125000.0,275000.0,Indore,2,Naukri,3.9,125,"Advance Excel, Power BI, MIS Reporting"
Data Analyst/ Special Project Associate,Pattern Technologies,2-7 Yrs,2,7,3.6-13.3L/yr,360000.0,1330000.0,Pune,20,Naukri,3.2,10,"Excellent Communication In English, Data Analysis, E-commerce"
Data Analyst/Masterfile Associate,Pattern Technologies,2-7 Yrs,2,7,3.6-13.3L/yr,360000.0,1330000.0,Pune,20,Naukri,3.2,10,"Excellent Communication In English, Data Analysis, E-commerce"
"Data Analyst (SQL,Tableau,Power Bi)",REWISE ANALYTICS & TECHNOLOGIES PRIVATE LIMITED,3-8 Yrs,3,8,3.6-13.3L/yr,360000.0,1330000.0,Pune,12,Naukri,3.5,38,"Supply chain, Data analysis, linear regression"
VBA Developer - Data Analytics (4-8 yrs),Conneqtcorp,4-8 Yrs,4,8,3.6-13.3L/yr,360000.0,1330000.0,Gurgaon / Gurugram,30,hirist,3.7,8000,"VBA, Data Analyst, Data Analytics"
Data Analyst - Reporting Tools (2-8 yrs),TD,2-5 Yrs,2,5,3.6-13.3L/yr,360000.0,1330000.0,Bangalore / Bengaluru,30,hirist,4.1,35,Data Analyst
Senior Data Analyst,PivotRoots Digital Private Limited,2-6 Yrs,2,6,3.6-13.3L/yr,360000.0,1330000.0,Mumbai,22,Naukri,3.8,36,"Advance Excel, data analysis, Looker Studio"
"Data Analyst(Sr Analyst, Data Science & Analytics)",Prutech Solutions,4-9 Yrs,4,9,10.0-20.0L/yr,1000000.0,2000000.0,Bangalore Rural,30,Naukri,4.0,52,"Predictive Modeling, Azure, Big Data"
Data Analyst,Trikon Telesoft Solutions Pvt. Ltd.,1-2 Yrs,1,2,3.6-13.3L/yr,360000.0,1330000.0,Ahmedabad,30,Naukri,4.4,48,"Billing, Excel, Stock management"
Lead Data Analyst - DAX Power BI (10-15 yrs),Arting Digital,10-15 Yrs,10,15,3.6-13.3L/yr,360000.0,1330000.0,Bangalore / Bengaluru,23,hirist,4.8,27,"Power BI, Data Analyst, Data Visualization Tools"
Data Analyst - Apprentice (11 months Internship),S&P Capital IQ (India) Pvt. Ltd,2-5 Yrs,2,5,3.6-13.3L/yr,360000.0,1330000.0,Bangalore / Bengaluru,60,First Naukri,4.2,2200,Data Analyst
Data Analyst - Statistics / Report Designing,3Di Systems,2-7 Yrs,2,7,3.0-7.0L/yr,300000.0,700000.0,"Navi Mumbai, Thane",26,Naukri,3.9,44,"Data Extraction, Data Mining, Data Cleansing"
Payment Data Specialist,Brevo,2-4 Yrs,2,4,3.6-13.3L/yr,360000.0,1330000.0,Noida,26,Naukri,3.9,40,"global operations, Analytical, Data Analyst"
Data Analyst - Immediate Joiner - Andheri,Millennium Organisation,0-3 Yrs,0,3,1.2-2.5L/yr,125000.0,250000.0,Mumbai,5,Naukri,3.4,25,"Formulas, Advanced Excel, Calculation"
Master Data Analyst - SAP Implementation (8-10 yrs),Overture Rede Private Limited.,8-10 Yrs,8,10,3.6-13.3L/yr,360000.0,1330000.0,Remote,10,hirist,4.3,21,"Data Analyst, Data Analytics, Data Management"
Senior Data Analyst - Online Gaming Platform (3-5 yrs),Zyoin Web Private Limited,3-5 Yrs,3,5,3.6-13.3L/yr,360000.0,1330000.0,Bangalore / Bengaluru,30,iimjobs,4.0,287,"Data Analytics, SQL, Python"
ESG Data Analyst  - ESG Newsroom,Institutional Shareholder Services Inc.,0-3 Yrs,0,3,3.6-13.3L/yr,360000.0,1330000.0,Mumbai,30,Naukri,3.8,84,"Data Analyst, Business analytics, Corporate governance"
Data Visualization Expert - Power BI/Qlikview (3-5 yrs),Connexions,3-5 Yrs,3,5,3.6-13.3L/yr,360000.0,1330000.0,Bangalore / Bengaluru,9,hirist,3.9,11,"Data Visualization, Data Visualization Tools, Business Intelligence"
Data Analyst - Python/SQL (5-20 yrs),Aricent,5-20 Yrs,5,20,3.6-13.3L/yr,360000.0,1330000.0,"Mumbai, Pune, Maharashtra",2,hirist,3.6,2000,"Data Analytics, Data Analyst, Business Intelligence"
Data Analyst,SAVA Healthcare,0-5 Yrs,0,5,3.6-13.3L/yr,360000.0,1330000.0,"Delhi/Ncr, Mumbai, Bangalore / Bengaluru",11,Naukri,4.1,142,"database design, ETL frameworks, Excel"
Data Analyst (6-10 yrs),Trent Limited,6-10 Yrs,6,10,3.6-13.3L/yr,360000.0,1330000.0,Mumbai,30,hirist,4.1,1200,"Power BI, Data Validation, Business System Analyst"
Data Analyst Trainee,Healthmug Pvt. Ltd.,0-1 Yrs,0,1,2.5-3.5L/yr,250000.0,350000.0,Delhi/Ncr,19,Naukri,3.7,35,"Data Extraction, Data Mining, Data Cleansing"
Urgent Hiring For Data Analyst For Bangalore,Cantik technologies,6-9 Yrs,6,9,15.0-20.0L/yr,1500000.0,2000000.0,Bangalore Rural,15,Naukri,4.2,40,"Pyspark, Python"
Senior Data Analyst,ANZ Banking Group,2-6 Yrs,2,6,3.6-13.3L/yr,360000.0,1330000.0,Bangalore / Bengaluru,60,Naukri,4.2,910,"Business process, Process design, Stakeholder Engagement"
Data Analyst,Ericsson India Global Services Pvt. Ltd.,2-5 Yrs,2,5,3.5-9.0L/yr,350000.0,900000.0,Noida,60,Naukri,4.2,6500,"Analytics, Automation, Operations"
Data Analyst/Senior Data Analyst - Lending - IIT/IIIT/NIT/BITS (females only) (1-7 yrs),Antal International Network,1-7 Yrs,1,7,3.6-13.3L/yr,360000.0,1330000.0,Bangalore / Bengaluru,30,iimjobs,3.6,86,"Python, Data Analytics, Analytics"
Data Analyst - Data Modeling & Visualization (1-17 yrs),Aricent,1-17 Yrs,1,17,3.6-13.3L/yr,360000.0,1330000.0,"Hyderabad / Secunderabad, Gujarat, Kerala",4,hirist,3.6,2000,"Data Analyst, Data Analytics, Data Visualization"
Manager - Storefront Planning and Analytics,Myntra.com,4-7 Yrs,4,7,3.6-13.3L/yr,360000.0,1330000.0,Bangalore / Bengaluru,30,Naukri,4.0,1700,"Analytics, SQL, Python"
Data Analyst,Myntra.com,2-7 Yrs,2,7,3.6-13.3L/yr,360000.0,1330000.0,Bangalore / Bengaluru,30,Naukri,4.0,1700,"Data analysis, SQL, Business analysis"
Data Analyst - BFSI (4-14 yrs),Envista Education,4-14 Yrs,4,14,3.6-13.3L/yr,360000.0,1330000.0,Mumbai,2,iimjobs,4.6,7,"Data Analytics, Analytics, Predictive Modeling"
Full Stack (Python + ReactJs),Global Pharma Tek,3-7 Yrs,3,7,3.6-13.3L/yr,360000.0,1330000.0,Bangalore / Bengaluru,4,Naukri,3.3,21,"Data analysis, tableau, Excel"
Data Analyst - Oracle NetSuite,Global Pharma Tek,3-5 Yrs,3,5,3.6-13.3L/yr,360000.0,1330000.0,Bangalore / Bengaluru,4,Naukri,3.3,21,"SAP FICO, Fixed assets, FSCM"
Data Analyst,Antara Senior Living,1-6 Yrs,1,6,3.6-13.3L/yr,360000.0,1330000.0,Gurgaon / Gurugram,30,Naukri,3.7,88,"Google Sheets, Google Analytics, Advanced Excel"
Data Analyst,Hindustan Gold Industries,5-10 Yrs,5,10,4.0-6.0L/yr,400000.0,600000.0,Ahmedabad,24,Naukri,4.5,44,"R, C"
Data Analyst-1,PGi,2-5 Yrs,2,5,3.6-13.3L/yr,360000.0,1330000.0,Hyderabad / Secunderabad,30,Naukri,4.2,106,"Backend, Data analysis, Data processing"
Data Analyst (Life Insurance),Spectrum Insurance Broking Pvt. Ltd.,1-5 Yrs,1,5,2.5-4.0L/yr,250000.0,400000.0,New Delhi,9,Naukri,3.2,44,"Big Data Analytics, Database Management, Data Visualization"
Senior Data Analyst,Valeo India Pvt Ltd,3-6 Yrs,3,6,3.6-13.3L/yr,360000.0,1330000.0,Chennai,60,Naukri,4.1,1000,"Automotive, Machine learning, Artificial Intelligence"
LCM Data Analyst - Restructuring Analyst,ION,4-7 Yrs,4,7,3.6-13.3L/yr,360000.0,1330000.0,Mumbai,2,Naukri,3.6,132,"Supply chain, electronic trading, Data management"
Data Analyst,Draup,2-4 Yrs,2,4,3.6-13.3L/yr,360000.0,1330000.0,Bangalore / Bengaluru,30,Naukri,3.7,79,"SQL, Data modeling, Google Analytics"
Tableau Developer - ETL/Data Warehousing (3-11 yrs),Aricent,3-11 Yrs,3,11,3.6-13.3L/yr,360000.0,1330000.0,"Bangalore / Bengaluru, Chennai, Mp",7,hirist,3.6,2000,"Tableau, Power BI, DAX Power BI"
Power BI Developer - Dashboard Design (2-18 yrs),Aricent,2-5 Yrs,2,5,3.6-13.3L/yr,360000.0,1330000.0,Bangalore / Bengaluru,7,hirist,3.6,2000,Data Analyst
Data Analyst,Ebizon Net Info Pvt Ltd,1-2 Yrs,1,2,3.6-13.3L/yr,360000.0,1330000.0,Dehradun,16,Naukri,3.3,59,"Mining, Computer science, Data validation"
Senior Data Analyst (Economics),Fibre2Fashion Pvt. Ltd.,4-5 Yrs,4,5,3.6-13.3L/yr,360000.0,1330000.0,"Thane, Mumbai",10,Naukri,4.1,46,"arima, python, project management"
Data Analyst Trainer/ Instructor,Internship Studio,2-4 Yrs,2,4,4.0-7.0L/yr,400000.0,700000.0,Pune,13,Naukri,4.3,27,"R, Azure, MS Excel"
Data Security Analyst (4-10 yrs),IT,4-10 Yrs,4,10,3.6-13.3L/yr,360000.0,1330000.0,Bangalore / Bengaluru,30,hirist,3.5,4000,"Data Security, Data Analyst, On-Premises"
Target Corporation - Senior Data Analyst - Tableau (5-10 yrs),Target,5-10 Yrs,5,10,3.6-13.3L/yr,360000.0,1330000.0,Bangalore / Bengaluru,60,hirist,4.2,579,"Data Analyst, Data Analytics, Tableau"
Data Analyst,Ericsson India Global Services Pvt. Ltd.,4-12 Yrs,4,12,3.6-13.3L/yr,360000.0,1330000.0,Noida,150,Naukri,4.2,6500,"Business intelligence, Data mining, Trend analysis"
Data Analyst,Ericsson India Global Services Pvt. Ltd.,4-12 Yrs,4,12,3.6-13.3L/yr,360000.0,1330000.0,Patiala,150,Naukri,4.2,6500,"Data mining, Machine learning, PLSQL"
Senior Data Analyst (3-7 yrs),Zyoin,3-7 Yrs,3,7,3.6-13.3L/yr,360000.0,1330000.0,Bangalore / Bengaluru,30,iimjobs,4.0,287,"Data Analytics, Data Warehousing, SQL"
Sr Data Analyst,Space Multimedia,7-12 Yrs,7,12,20.0-25.0L/yr,2000000.0,2500000.0,Hyderabad / Secunderabad,11,Naukri,4.5,11,"Master & Meta Data Management and Governance, Data Wrangling, Unification"
Data Analyst,Antino Labs,2-4 Yrs,2,4,3.6-13.3L/yr,360000.0,1330000.0,Gurgaon / Gurugram,25,Naukri,3.4,109,"Data Analysis, Data Reporting, Python"
LCM Restructuring Data Analyst,ION,2-4 Yrs,2,4,3.6-13.3L/yr,360000.0,1330000.0,"Navi Mumbai, Mumbai, Mumbai",4,Naukri,3.6,132,"Automation, Finance, Analysis"
Data Science Analyst - SQL/Python (3-18 yrs),Aricent,3-18 Yrs,3,18,3.6-13.3L/yr,360000.0,1330000.0,"Mumbai, Bangalore / Bengaluru, Hyderabad / Secunderabad",9,hirist,3.6,2000,"Data Science, Data Analyst, SQL"
ESG Data Analyst - Newsroom,Institutional Shareholder Services Inc.,2-6 Yrs,2,6,3.6-13.3L/yr,360000.0,1330000.0,Mumbai,30,Naukri,3.8,84,"Data Analyst, Business analytics, Manager Quality Assurance"
Data Analyst 3,Zynga Inc.,7-12 Yrs,7,12,3.6-13.3L/yr,360000.0,1330000.0,Bangalore / Bengaluru,30,Naukri,4.4,28,"SQL, Python, SAN"
Octro - Data Analyst (3-6 yrs),Octro,3-6 Yrs,3,6,3.6-13.3L/yr,360000.0,1330000.0,Noida,10,iimjobs,3.8,60,"Data Analytics, Analytics, SQL"
Senior Systems Engineer II,REED ELSEVIER INDIA (a part of RELX India Pvt Ltd),4-7 Yrs,4,7,3.6-13.3L/yr,360000.0,1330000.0,Bangalore / Bengaluru,4,Naukri,3.7,91,"Health insurance, Publishing, Analytical"
Principal Data Analyst - Reference Data,REED ELSEVIER INDIA (a part of RELX India Pvt Ltd),4-9 Yrs,4,9,3.6-13.3L/yr,360000.0,1330000.0,Chennai,4,Naukri,3.7,91,"automation framework, Maven, Test scripts"
Data Analyst,Pepipost,2-3 Yrs,2,3,3.6-13.3L/yr,360000.0,1330000.0,Bangalore / Bengaluru,30,Naukri,4.2,183,"SQL, Python, Data entry"
Senior Business Analyst - R/SQL/Python (5-8 yrs),Spectrum Consulting,5-8 Yrs,5,8,3.6-13.3L/yr,360000.0,1330000.0,Chennai,24,hirist,3.3,143,"Business Analyst, Data Analyst, SQL"
Data Analyst,Nits solutions Pvt Ltd,1-3 Yrs,1,3,4.0-8.3L/yr,400000.0,832000.0,Gurgaon / Gurugram,18,Naukri,3.3,47,"Process design, Sales, Linguistics"
Data Product Manager,Photon Infotech P Ltd,6-10 Yrs,6,10,3.6-13.3L/yr,360000.0,1330000.0,Chennai,30,Naukri,4.0,1400,"SQL, Python, Agile"
Data Analyst,RISKONNECT SERVICES,1-6 Yrs,1,6,3.6-13.3L/yr,360000.0,1330000.0,Remote,9,Naukri,4.5,12,"Computer science, Automation, Manager Quality Assurance"
Data Analyst,Rigved Technologies,3-7 Yrs,3,7,3.6-13.3L/yr,360000.0,1330000.0,"Mumbai suburbs, Mumbai",17,Naukri,3.2,54,"Excel, Power Bi, MIS"
Data Analyst,Affine Analytics,6-11 Yrs,6,11,3.6-13.3L/yr,360000.0,1330000.0,Bangalore Rural,26,Naukri,3.3,136,"excel, Ad-hoc and Insights, Power Bi"
Senior BI Data Analyst - Oracle Analytics Cloud (5-8 yrs),IT Resource Hunter,2-5 Yrs,2,5,3.6-13.3L/yr,360000.0,1330000.0,Bangalore / Bengaluru,30,hirist,4.3,29,Data Analyst
Data Analyst,GoComet,1-3 Yrs,1,3,3.6-13.3L/yr,360000.0,1330000.0,"New Delhi, Gurgaon / Gurugram",24,Naukri,4.4,41,"Data analysis, Data validation, Business analysis"
IBS Business Data Analyst,Mondel z International,1-5 Yrs,1,5,3.6-13.3L/yr,360000.0,1330000.0,Mumbai,120,Naukri,4.4,895,"Supply chain, Data analysis, Data management"
Media Scan,Designboxed,2-4 Yrs,2,4,3.6-13.3L/yr,360000.0,1330000.0,Pune,11,Naukri,2.9,57,"Trend Identification, Crisis Management, Collaboration"
Hiring Kuwait-DATA Analyst/Surveyor/Darftsman,Ingenious Overseas Consultancy,5-7 Yrs,5,7,3.6-13.3L/yr,360000.0,1330000.0,Kuwait,5,Naukri,4.8,6,"Computer skills, geotechnics, rtk"
Power BI Developer - Data Modeling (5-10 yrs),Mobile Programming llc,2-5 Yrs,2,5,3.6-13.3L/yr,360000.0,1330000.0,Bangalore / Bengaluru,19,hirist,2.9,333,Data Analyst
Data Analyst,Nits Solutions,2-7 Yrs,2,7,3.6-13.3L/yr,360000.0,1330000.0,Delhi/Ncr,20,Naukri,3.3,47,"Data Analysis, Data Analyst, Data Analytics"
Senior Data Analyst (3-6 yrs),Zyoin,3-6 Yrs,3,6,3.6-13.3L/yr,360000.0,1330000.0,Bangalore / Bengaluru,30,iimjobs,4.0,287,"Analytics, Data Analytics, SAS"
"Team Leader - Data Analyst || Credgenics(Python,SQL )",Credgenics,2-7 Yrs,2,7,3.6-13.3L/yr,360000.0,1330000.0,"Delhi/Ncr, New Delhi, Noida",7,Naukri,3.7,79,"SQL Queries, Data Extraction, Python"
Data Analyst - Tableau (7-12 yrs),Experis IT Private Limited,7-12 Yrs,7,12,3.6-13.3L/yr,360000.0,1330000.0,Bangalore / Bengaluru,30,hirist,3.1,523,"Data Analyst, Tableau, SQL"
Gallagher - Senior Analyst - Business Intelligence (4-10 yrs),Gallaghar,4-10 Yrs,4,10,3.6-13.3L/yr,360000.0,1330000.0,Bangalore / Bengaluru,60,hirist,3.9,1600,"R, Python, Business Intelligence"
Web Researcher,Cct Digisol,0-1 Yrs,0,1,3.6-13.3L/yr,360000.0,1330000.0,Ahmedabad,3,Naukri,3.8,33,"Information Research, Data Research, Web Research"
Data Analyst,Nimbus Pipes Ltd,2-3 Yrs,2,3,3.6-13.3L/yr,360000.0,1330000.0,Jaipur,12,Naukri,4.4,14,"Analytical skills, Data analysis, Data management"
Senior Data Analyst,Tarento Technologies Pvt Ltd,6-11 Yrs,6,11,3.6-13.3L/yr,360000.0,1330000.0,Bangalore / Bengaluru,30,Naukri,4.0,96,"power bi, powerapps, analysis"
Senior Data Analyst - R/SQL/Python (3-6 yrs),Zyoin,3-6 Yrs,3,6,3.6-13.3L/yr,360000.0,1330000.0,Bangalore / Bengaluru,30,hirist,4.0,287,"Data Analyst, Data Analytics, Statistical Modeling"
Data Analyst - Hadoop/Hive (4-5 yrs),Protiviti India Member Private limited,4-5 Yrs,4,5,3.6-13.3L/yr,360000.0,1330000.0,Bangalore / Bengaluru,30,hirist,3.3,242,"Data Analyst, Data Analytics, Analytics"
Data Analyst - B2C (3-6 yrs),Zyoin Web Pvt Ltd,3-6 Yrs,3,6,3.6-13.3L/yr,360000.0,1330000.0,Bangalore / Bengaluru,30,iimjobs,4.0,287,"Data Analytics, Analytics, Statistics"
Human Resources Data Analyst II,Coperion Ideal Pvt. Ltd.,2-4 Yrs,2,4,3.6-13.3L/yr,360000.0,1330000.0,Coimbatore,20,Naukri,3.1,41,"Computer science, Automation, Business Data Analyst"
Data Analyst,Bottle Lab Technologies Pvt. Ltd (SmartQ),0-1 Yrs,0,1,3.6-13.3L/yr,360000.0,1330000.0,Bangalore / Bengaluru,30,Naukri,4.0,82,"Market research, SQL, Data analysis"
IQVIA  - Data Analyst (0-1 yrs),IQVIA,0-1 Yrs,0,1,3.6-13.3L/yr,360000.0,1330000.0,Pune,60,iimjobs,4.0,3600,"Data Visualization, Tableau, Data Analytics"
Data Analyst,NEXTWAVE MULTIMEDIA (P) LTD.,2-7 Yrs,2,7,3.6-13.3L/yr,360000.0,1330000.0,Chennai,3,Naukri,4.0,16,"Analytical skills, hive, Data analysis"
Data Analyst / Business Intelligence,Monrow Shoes,2-4 Yrs,2,4,3.6-13.3L/yr,360000.0,1330000.0,Bangalore / Bengaluru,9,Naukri,4.7,7,"Data Analyst, Business intelligence"
Urgent Hiring Data  Analyst   Night Shift (7PM- 4AM)Noida 63,Emonics,4-9 Yrs,4,9,3.6-13.3L/yr,360000.0,1330000.0,Noida,20,Naukri,3.9,88,"Advanced Analytics, Pandas, Data Analysis"
Data Analyst - Marketing,NEC SOFTWARE SOLUTIONS (INDIA) PRIVATE LIMITED,5-8 Yrs,5,8,3.6-13.3L/yr,360000.0,1330000.0,Mumbai,23,Naukri,3.9,134,"R, BI, Data Analysis"
Data Analyst,Wellthy Therapeutics Pvt Ltd.,1-3 Yrs,1,3,3.6-13.3L/yr,360000.0,1330000.0,Remote,30,Naukri,3.8,43,"Analytics, Data analysis, SQL"
Data Analyst,Capillary Technologies India Pvt. Ltd.,2-5 Yrs,2,5,3.6-13.3L/yr,360000.0,1330000.0,Bangalore / Bengaluru,30,Naukri,3.5,173,"Automation, Python, Data analysis"
Data Analyst ( Hindi),Refex Group,0-1 Yrs,0,1,3.6-13.3L/yr,360000.0,1330000.0,Chennai,11,Naukri,4.4,11,"ERP, Data Analyst, data review"
NITS Solutions - Data Analyst - R/Python/SQL (2-4 yrs),NITS Solutions,2-4 Yrs,2,4,3.6-13.3L/yr,360000.0,1330000.0,Gurgaon / Gurugram,25,hirist,3.3,47,"Data Analyst, SQL, Python"
EMOB Data Analyst,VOLVO ASSET FINANCE INDIA PRIVATE LIMITED,1-4 Yrs,1,4,3.6-13.3L/yr,360000.0,1330000.0,Bangalore / Bengaluru,10,Naukri,4.0,20,"Usage, Focus, Construction equipment"
Hiring Data Analyst,Ericson Insurance TPA,3-8 Yrs,3,8,4.0-5.0L/yr,400000.0,500000.0,Mumbai,13,Naukri,3.8,58,"excel, python, advanced excel"
Data Analyst - Senior,M/s. orange business services,2-6 Yrs,2,6,3.6-13.3L/yr,360000.0,1330000.0,Gurgaon / Gurugram,90,Naukri,4.3,1200,"Computer science, Automation, Business analytics"
Data Analyst Trainer,Btree Systems (opc),0-1 Yrs,0,1,1.5-2.5L/yr,150000.0,250000.0,Chennai,27,Naukri,4.9,9,"Excel, Power Bi, Tableau"
Dispute Analyst,Vinculum Solutions,2-5 Yrs,2,5,3.6-13.3L/yr,360000.0,1330000.0,"Gandhinagar, Ahmedabad",27,Naukri,3.1,146,"Payment Reconciliation, Excel, Dispute Resolution"
Jr Data Analyst,Synergy Connect Data Innovations,1-2 Yrs,1,2,3.6-13.3L/yr,360000.0,1330000.0,Mumbai,13,Naukri,4.7,7,"Data Analysis, Data Cleansing, Data Visualization"
Data Analyst,Jibe Development Services,2-5 Yrs,2,5,2.4-2.0L/yr,240000.0,200000.0,"Chennai, Navi Mumbai",25,Naukri,3.2,54,"4th Engineer, QC, Maritime"
Supply Chain Data Analyst,EMERSON INNOVATION CENTER,2-5 Yrs,2,5,3.6-13.3L/yr,360000.0,1330000.0,Pune,180,Naukri,4.2,391,"Supply chain, SAP, ERP"
Procurement Analyst & Admin For UK Clients,Unipath Solutions,3-7 Yrs,3,7,4.0-6.0L/yr,400000.0,600000.0,Ahmedabad,18,Naukri,4.2,23,"Pivot Table, administrator, procurement"
Database Analyst - iAM (5-30 yrs),Careator Technologies Pvt Ltd,5-30 Yrs,5,30,3.6-13.3L/yr,360000.0,1330000.0,Bangalore / Bengaluru,30,hirist,4.5,15,"iAM, Database Apps, Data Analyst"
EY - Data Analyst - SQL/Python (2-5 yrs),Ernst & Young,2-5 Yrs,2,5,3.6-13.3L/yr,360000.0,1330000.0,Mumbai,60,hirist,3.6,9000,"SQL, Python, Data Analytics"
ADAS Data Analyst_Engineer,Renault India Pvt Ltd,5-6 Yrs,5,6,3.6-13.3L/yr,360000.0,1330000.0,Chennai,60,Naukri,4.3,465,"microsoft, big data, Power point presentation"
TBO - Senior Data Analyst (12-22 yrs),TBO.COM,12-22 Yrs,12,22,3.6-13.3L/yr,360000.0,1330000.0,Gurgaon / Gurugram,2,iimjobs,3.8,14,"Data Analytics, Analytics"
Lead Data Analyst,Arting Digital,4-7 Yrs,4,7,3.6-13.3L/yr,360000.0,1330000.0,Bangalore / Bengaluru,30,Naukri,4.8,27,"Data analysis, Business intelligence, Analytical"
Data Analyst,OneMagnify,5-10 Yrs,5,10,14.7-15.0L/yr,1470000.0,1500000.0,Chennai,11,Naukri,4.0,17,"customer analytics, data analysis, data manipulation"
Better - Senior Data Analyst (3-7 yrs),BMTG Advisors India Private Limited,3-7 Yrs,3,7,3.6-13.3L/yr,360000.0,1330000.0,Gurgaon / Gurugram,30,iimjobs,3.0,725,"Data Analytics, Analytics, Python"
PhysicsWallah - Regional Analyst - Python/Data Visualization (2-3 yrs),PhysicsWallah,2-3 Yrs,2,3,3.6-13.3L/yr,360000.0,1330000.0,Bangalore / Bengaluru,60,hirist,3.8,1200,"Python, Data Visualization, Data Analytics"
Data Analyst,ADA TECH SOLUTIONS PRIVATE LIMITED,3-5 Yrs,3,5,0.5-0.7L/yr,50000.0,70000.0,Nashik,30,Naukri,3.3,47,business needs/requirements and recommend solutions.
Data Quality Analyst,Bigtapp Analytics,3-6 Yrs,3,6,3.6-13.3L/yr,360000.0,1330000.0,Chennai,9,Naukri,4.3,7,"Root Cause Analysis, Data analyst, AI/ML Testing"
Data Analyst,S&P Capital IQ (India) Pvt. Ltd,2-5 Yrs,2,5,3.6-13.3L/yr,360000.0,1330000.0,Bangalore / Bengaluru,210,First Naukri,4.2,2200,Data Analyst
Data Analyst/ Content Management,S&P Capital IQ (India) Pvt. Ltd,0-1 Yrs,0,1,3.6-13.3L/yr,360000.0,1330000.0,Ahmedabad,330,First Naukri,4.2,2200,"Content Management, Data Analysis"
Data Analyst_Ahmedabad,S&P Capital IQ (India) Pvt. Ltd,0-1 Yrs,0,1,3.6-13.3L/yr,360000.0,1330000.0,Ahmedabad,330,First Naukri,4.2,2200,Data Analysis
Data Analyst,S&P Capital IQ (India) Pvt. Ltd,2-5 Yrs,2,5,3.6-13.3L/yr,360000.0,1330000.0,Bangalore / Bengaluru,365,First Naukri,4.2,2200,Data Analyst
Data Analyst - Apprentice,S&P Capital IQ (India) Pvt. Ltd,2-5 Yrs,2,5,3.6-13.3L/yr,360000.0,1330000.0,Bangalore / Bengaluru,365,First Naukri,4.2,2200,Data Analyst
Technical Lead,Chubb,2-5 Yrs,2,5,3.6-13.3L/yr,360000.0,1330000.0,"Nizamabad, Warangal, Hyderabad / Secunderabad",60,Naukri,3.8,128,"SQL queries, Data analysis, Analytical"
Senior Software Engineer,Chubb,4-8 Yrs,4,8,13.5-20.0L/yr,1350000.0,2000000.0,"Nizamabad, Warangal, Hyderabad / Secunderabad",60,Naukri,3.8,128,"SQL queries, Data analysis, Analytical"
Data Analyst (4-10 yrs),Quess Corp Ltd,2-5 Yrs,2,5,3.6-13.3L/yr,360000.0,1330000.0,Bangalore / Bengaluru,60,iimjobs,4.0,5800,Data Analyst
Supply Chain Data Analyst,Simpli Home Ltd.,2-4 Yrs,2,4,3.6-13.3L/yr,360000.0,1330000.0,India,18,Naukri,4.1,5,"Business Intelligence, Data Analysis, Data Analytics"
Data Analyst (Tech BA + Banking),Bigtapp Analytics,5-8 Yrs,5,8,3.6-13.3L/yr,360000.0,1330000.0,Chennai,10,Naukri,4.3,7,"Banking Domain, Business Data Analyst, Data Analysis"
Droom -  Data Analyst - Data Science (1-4 yrs),Droom Technology (P) Ltd,1-4 Yrs,1,4,3.6-13.3L/yr,360000.0,1330000.0,Gurgaon / Gurugram,30,iimjobs,3.5,153,"Data Analytics, Data Science, Analytics"
Senior Data Analyst - Reporting Analytics & Dashboard (6-12 yrs),HEPL - A Cavinkare Group Company(Consultant),6-12 Yrs,6,12,3.6-13.3L/yr,360000.0,1330000.0,Jaipur,27,hirist,3.9,106,"Data Analytics, SQL, Data Analyst"
HEPL - Senior Data Analyst (6-12 yrs),HEPL - A Cavinkare Group Company,6-12 Yrs,6,12,3.6-13.3L/yr,360000.0,1330000.0,Jaipur,27,iimjobs,3.9,106,"Data Analytics, Data Management, Analytics"
Data Analyst  - Mohammed Enterprises Tanzania Ltd (METL)- Dubai,Mohammed Enterprises Tanzania Ltd (metl),2-6 Yrs,2,6,3.6-13.3L/yr,360000.0,1330000.0,Dubai/Uae,18,Naukri,3.8,57,"Financial Analysis, erp, Financial Reporting"
Data Analyst - SQL/Python (3-5 yrs),Programming.com,3-5 Yrs,3,5,3.6-13.3L/yr,360000.0,1330000.0,Bangalore / Bengaluru,14,hirist,3.4,7,"Data Analyst, Data Analytics, Tableau"
Senior Data Analyst - Python/Pyspark/SQL - Insurance (4-6 yrs),Huquo Consulting,4-6 Yrs,4,6,3.6-13.3L/yr,360000.0,1330000.0,Delhi ncr,2,iimjobs,3.8,14,"Analytics, Data Analytics, Data Science"
Data Analyst/Senior Data Analyst - SQL/Tableau (3-9 yrs),Huquo Consulting,3-9 Yrs,3,9,3.6-13.3L/yr,360000.0,1330000.0,Gurgaon / Gurugram,2,hirist,3.8,14,"Data Analyst, Data Analytics, SQL"
Assistant Manager - Data Analyst (3-6 yrs),HuQuo Consulting Pvt. Ltd.,3-6 Yrs,3,6,3.6-13.3L/yr,360000.0,1330000.0,Gurgaon / Gurugram,2,iimjobs,3.8,14,"Data Analytics, Data Visualization, Data Management"
Manager/Senior Data Analyst - Consulting Firm (5-8 yrs),HuQuo Consulting Pvt. Ltd.,5-8 Yrs,5,8,3.6-13.3L/yr,360000.0,1330000.0,Gurgaon / Gurugram,2,iimjobs,3.8,14,"Analytics, Data Analytics, Big Data"
Clinical Data Analyst - Epic System (3-6 yrs),Huquo,3-6 Yrs,3,6,3.6-13.3L/yr,360000.0,1330000.0,"Hyderabad / Secunderabad, Pune, Gurgaon / Gurugram",2,hirist,3.8,14,"Clinical Data Management, Clinical SAS, Data Analyst"
Data Analyst - Workforce Management - Aspects/Alavaria (3-8 yrs),Huquo Consulting,3-8 Yrs,3,8,3.6-13.3L/yr,360000.0,1330000.0,Gurgaon / Gurugram,2,iimjobs,3.8,14,"Analytics, Statistics, Data Analytics"
Data Analyst - Power BI/SQL (1-3 yrs),Huquo Consulting,1-3 Yrs,1,3,3.6-13.3L/yr,360000.0,1330000.0,Delhi ncr,2,iimjobs,3.8,14,"Analytics, Data Analytics, Business Intelligence"
Business Analyst/Data Analyst (3-7 yrs),Huquo Consulting,3-7 Yrs,3,7,3.6-13.3L/yr,360000.0,1330000.0,Delhi ncr,2,iimjobs,3.8,14,"Data Analytics, Analytics, SQL"
Assistant Manager/Lead Assistant Manager - Data Analytics (3-7 yrs),HuQuo Consulting Pvt. Ltd.,3-7 Yrs,3,7,3.6-13.3L/yr,360000.0,1330000.0,Gurgaon / Gurugram,2,hirist,3.8,14,"Python, SQL, R"
Data Analyst - Altreyx & SQL - Acturial Team (1-6 yrs),Huquo Consulting,1-6 Yrs,1,6,3.6-13.3L/yr,360000.0,1330000.0,Delhi ncr,2,iimjobs,3.8,14,"Analytics, Data Analytics, SQL"
Senior Data Analyst - Workforce Management/Forecasting - Consulting Firm (5-6 yrs),Huquo Consulting,5-6 Yrs,5,6,3.6-13.3L/yr,360000.0,1330000.0,Delhi ncr,2,iimjobs,3.8,14,"Analytics, Data Analytics, Python"
Data Analyst - SAS/SQL/Power BI  - Consulting Firm (4-10 yrs),Huquo Consulting,4-10 Yrs,4,10,3.6-13.3L/yr,360000.0,1330000.0,Gurgaon / Gurugram,2,iimjobs,3.8,14,"Data Modeling, Data Analytics, Business Intelligence"
Data Analyst - Machine/Deep Learning Algorithms (2-9 yrs),Huquo Consulting,2-9 Yrs,2,9,3.6-13.3L/yr,360000.0,1330000.0,"Delhi ncr, Gurgaon / Gurugram",2,hirist,3.8,14,"Data Analytics, Data Analyst, Machine Learning"
Data Analyst - Consulting Firm (1-3 yrs),HuQuo Consulting Pvt. Ltd.,1-3 Yrs,1,3,3.6-13.3L/yr,360000.0,1330000.0,Delhi ncr,2,iimjobs,3.8,14,"Analytics, Data Analytics, Business Intelligence"
Assistant Manager/Lead Assistant Manager - Data Analyst - SQL/Tableau/Alteryx (3-6 yrs),HuQuo Consulting Pvt. Ltd.,3-6 Yrs,3,6,3.6-13.3L/yr,360000.0,1330000.0,Gurgaon / Gurugram,2,iimjobs,3.8,14,"Analytics, Data Analytics, SQL"
Data Analyst/Senior Data Analyst - Data Modelling - Power BI/SQL/Snowflake (5-10 yrs),Huquo Consulting,5-10 Yrs,5,10,3.6-13.3L/yr,360000.0,1330000.0,Gurgaon / Gurugram,2,iimjobs,3.8,14,"Data Visualization, Data Analytics, Analytics"
Senior Data Analyst/Manager - Spark (5-8 yrs),HuQuo Consulting Pvt. Ltd.,5-8 Yrs,5,8,3.6-13.3L/yr,360000.0,1330000.0,Gurgaon / Gurugram,2,hirist,3.8,14,"Data Analytics, Data Analyst, Spark"
Power BI Developer - Data Analytics (3-7 yrs),Www.Huquo.com,3-7 Yrs,3,7,3.6-13.3L/yr,360000.0,1330000.0,Gurgaon / Gurugram,2,hirist,3.8,14,"DAX Power BI, Power BI, Data Analytics"
Data Analyst - ETL/Data Warehousing (3-6 yrs),Www.Huquo.com,3-6 Yrs,3,6,3.6-13.3L/yr,360000.0,1330000.0,Gurgaon / Gurugram,2,hirist,3.8,14,"Data Analyst, Data Analytics, Data Warehousing"
Senior Business Analyst - Data Analyst - BFS (1-3 yrs),HuQuo Consulting Pvt. Ltd.,1-3 Yrs,1,3,3.6-13.3L/yr,360000.0,1330000.0,Gurgaon / Gurugram,2,iimjobs,3.8,14,"Data Mining, SQL, Python"
Lead/Assistant Manager/Data Analyst - Python/SQL (4-6 yrs),HuQuo Consulting Pvt. Ltd.,4-6 Yrs,4,6,3.6-13.3L/yr,360000.0,1330000.0,Gurgaon / Gurugram,2,iimjobs,3.8,14,"Python, SQL, Data Analytics"
Data Analyst - SQL/Metadata/ETL Tools (3-8 yrs),Huquo,2-5 Yrs,2,5,3.6-13.3L/yr,360000.0,1330000.0,Bangalore / Bengaluru,2,hirist,3.8,14,Data Analyst
Data Quality Analyst Lead,Bigtapp Analytics,7-11 Yrs,7,11,3.6-13.3L/yr,360000.0,1330000.0,Chennai,11,Naukri,4.3,7,"Data analyst, ML Testing, AI Testing"
Data Analyst - Immediate Joiner - Andheri,Millennium Organisation,0-3 Yrs,0,3,1.2-2.5L/yr,125000.0,250000.0,Mumbai,29,Naukri,3.4,25,"Formulas, Advanced Excel, Calculation"
Presales Data Analyst,DiLytics Technologies Private Limited,1-10 Yrs,1,10,3.6-13.3L/yr,360000.0,1330000.0,Hyderabad / Secunderabad,16,Naukri,4.3,11,"IT services, Performance management, Data Analyst"
Data Analyst - Tableau/Power BI (3-5 yrs),Ds,3-5 Yrs,3,5,3.6-13.3L/yr,360000.0,1330000.0,Bangalore / Bengaluru,6,hirist,3.6,24,"Data Analyst, Data Analytics, Data Modeling"
Hindustan Coca Cola Beverages - Data Analyst (3-6 yrs),Coca Cola Beverages Pvt Ltd,3-6 Yrs,3,6,3.6-13.3L/yr,360000.0,1330000.0,Bangalore / Bengaluru,90,iimjobs,4.2,2500,"Data Analytics, Analytics, Data Visualization"
Data Analyst,Adidas Group,2-4 Yrs,2,4,16.0-25.0L/yr,1600000.0,2500000.0,Gurgaon / Gurugram,365,Naukri,4.0,510,"SQL, Data processing, SMS"
Data Analyst,Adidas Group,2-4 Yrs,2,4,16.0-25.0L/yr,1600000.0,2500000.0,Gurgaon / Gurugram,365,Naukri,4.0,510,"SQL, Data processing, SMS"
Senior Cognos BI Developer - Data Analytics (12-14 yrs),Cortex Consulting Pvt. Ltd.,12-14 Yrs,12,14,3.6-13.3L/yr,360000.0,1330000.0,Remote,17,hirist,3.1,16,"Cognos, Data Modeling, Dimensional Modeling"
Senior Spend Data Analyst - BFSI/IT (5-8 yrs),Counselect Services Private Limited,5-8 Yrs,5,8,3.6-13.3L/yr,360000.0,1330000.0,Mumbai,60,iimjobs,4.2,50,"Data Analytics, Analytics, Data Management"
Data Analyst Intern,ThoughtCoders,2-5 Yrs,2,5,3.6-13.3L/yr,360000.0,1330000.0,Bangalore / Bengaluru,26,Naukri,5.0,6,Data Analyst
Data Analyst Trainee,ZCTS,0-1 Yrs,0,1,3.6-13.3L/yr,360000.0,1330000.0,Coimbatore,17,Naukri,3.8,37,"Java, C"
TS - Data Analyst,Srivango,4-8 Yrs,4,8,9.0-15.0L/yr,900000.0,1500000.0,Kolkata,5,Naukri,4.2,7,"Power Bi, Agile, SQL Queries"
Data Analyst,Kellton Tech Solutions Ltd,5-10 Yrs,5,10,3.6-13.3L/yr,360000.0,1330000.0,Gurgaon / Gurugram,30,Naukri,3.0,309,"SQL, Python, GIT"
Milkbasket - Data Analyst/Senior Data Analyst (3-6 yrs),Milkbasket,3-6 Yrs,3,6,3.6-13.3L/yr,360000.0,1330000.0,Gurgaon / Gurugram,30,iimjobs,3.8,274,"Analytics, SQL, Data Analytics"
Data Analyst - R/Python (5-12 yrs),Zelarsoft Pvt.Ltd.,5-12 Yrs,5,12,3.6-13.3L/yr,360000.0,1330000.0,Hyderabad / Secunderabad,6,hirist,3.5,27,"Data Analyst, Data Integrity, R"
Power BI (HR),Burns McDonnell,2-3 Yrs,2,3,3.6-13.3L/yr,360000.0,1330000.0,Mumbai,240,Naukri,4.3,252,"Data Analyst, Business analytics, Data management"
Senior Executive - Data Analyst,Ecom Express Private Limited,3-5 Yrs,3,5,3.0-6.0L/yr,300000.0,600000.0,Gurgaon / Gurugram,270,Naukri,4.0,3300,"Project implementation, Employee engagement, power bi"
Data Analyst - Global Support,Siemens Limited,1-4 Yrs,1,4,3.6-13.3L/yr,360000.0,1330000.0,Thane,90,Naukri,4.2,4200,"Business intelligence, Logistics, Data Analyst"
Data Analyst,Siemens Limited,0-6 Yrs,0,6,3.6-13.3L/yr,360000.0,1330000.0,Bangalore / Bengaluru,150,Naukri,4.2,4200,"power bi, Data analysis, SQL"
Electrical / Energy Expert and Data Analyst,Siemens Limited,6-8 Yrs,6,8,3.6-13.3L/yr,360000.0,1330000.0,Thane,90,Naukri,4.2,4200,"Data Analyst, Project management, Agile"
IT Data Analyst,Siemens Limited,5-10 Yrs,5,10,3.6-13.3L/yr,360000.0,1330000.0,Bangalore / Bengaluru,120,Naukri,4.2,4200,"Data Analyst, CRM, Data analysis"
Data Analyst ( On Contract ),Electronic Arts,2-3 Yrs,2,3,3.6-13.3L/yr,360000.0,1330000.0,Hyderabad / Secunderabad,365,Naukri,4.3,67,"Analytical skills, tableau, Manager Quality Assurance"
Data Analyst at Electronic Arts,Electronic Arts,3-6 Yrs,3,6,3.6-13.3L/yr,360000.0,1330000.0,Hyderabad / Secunderabad,1095,Naukri,4.3,67,"Data analysis, Simulation, Consulting"
Data Visualization Expert - Power BI/Qlikview (3-5 yrs),Connexions,3-5 Yrs,3,5,3.6-13.3L/yr,360000.0,1330000.0,Bangalore / Bengaluru,30,hirist,3.9,11,"Data Visualization, Data Visualization Tools, Business Intelligence"
Data Analyst Trainee / Engineer,Electrodrive Powertrain Solutions,0-2 Yrs,0,2,3.6-13.3L/yr,360000.0,1330000.0,Pune,16,Naukri,3.7,35,MS Excel
Data Analyst - NA Mobility,Arcadis Consulting India Pvt. Ltd,2-5 Yrs,2,5,3.6-13.3L/yr,360000.0,1330000.0,"Bangalore / Bengaluru, Hyderabad / Secunderabad",330,Naukri,4.2,191,"Qualitative research, Process automation, RDBMS"
Senior Data Analyst,Better Mortgage,3-7 Yrs,3,7,3.6-13.3L/yr,360000.0,1330000.0,Gurgaon / Gurugram,30,Naukri,3.0,725,"Data analysis, Automation, Sales"
Data Analyst - Qliksense (6-14 yrs),SAR HR Consultancy,6-14 Yrs,6,14,3.6-13.3L/yr,360000.0,1330000.0,Gurgaon / Gurugram,11,iimjobs,4.5,6,"Analytics, Data Analytics, Data Science"
MIS Data Analyst-Retail FMCG - Bangalore,The Organic World,2-5 Yrs,2,5,3.6-13.3L/yr,360000.0,1330000.0,Bangalore / Bengaluru,6,Naukri,4.1,8,"Retail MIS, Account data, MIS Operations"
Data Analyst,STP Research,1-4 Yrs,1,4,3.6-13.3L/yr,360000.0,1330000.0,New Delhi,30,Naukri,4.7,4,Data Analyst
Jr Data Analyst,Synergy Connect Data Innovations,2-3 Yrs,2,3,3.6-13.3L/yr,360000.0,1330000.0,Mumbai,23,Naukri,4.7,7,"Database Management, Data Analysis, Data Cleansing"
Data Analyst - R/Python (3-6 yrs),Kudos India Pvt Ltd,3-6 Yrs,3,6,3.6-13.3L/yr,360000.0,1330000.0,Mumbai,10,hirist,4.8,4,"Data Analyst, R, Python"
Data Engineer/ Data Analyst,Chryselys,2-7 Yrs,2,7,5.0-13.0L/yr,500000.0,1300000.0,"Chennai, Hyderabad / Secunderabad",13,Naukri,3.8,21,"Payer, python, Data Engineering"
Thoucentric - Data Analyst (0-1 yrs),Thoucentric Technology Pvt. Ltd.,0-1 Yrs,0,1,3.6-13.3L/yr,360000.0,1330000.0,Bangalore / Bengaluru,30,hirist,3.8,89,"Data Analyst, Data Analytics, Data Governance"
Thoucentric -  Data Analyst (2-5 yrs),Thoucentric Technology Private Limited,2-5 Yrs,2,5,3.6-13.3L/yr,360000.0,1330000.0,Bangalore / Bengaluru,30,iimjobs,3.8,89,"Data Analytics, Analytics, Data Management"
Priority Technology Holdings - Data Analyst - SQL/Looker/Tableau (2-5 yrs),Priority Technology Holdings,2-5 Yrs,2,5,3.6-13.3L/yr,360000.0,1330000.0,Chandigarh,3,hirist,3.1,46,"Data Analyst, Data Analytics, Reporting Analytics"
Junior Data Analyst,super scholar,0-6 Yrs,0,6,3.6-13.3L/yr,360000.0,1330000.0,Mumbai,6,Naukri,3.8,11,"Data analysis, Excel, Analytical"
Senior Data Analyst,PVH,4-6 Yrs,4,6,3.6-13.3L/yr,360000.0,1330000.0,"Chennai, Pune, New Delhi",150,Naukri,4.3,61,"Supply chain, Microstrategy, Logistic regression"
SQL Data/BI Analyst - Mumbai (Dadar),Quosphere,3-8 Yrs,3,8,6.0-8.0L/yr,600000.0,800000.0,Mumbai,6,Naukri,2.5,20,"Power Bi, Data Extraction, SQL Queries"
Data Analyst,Clairvoyant India Pvt. Ltd,2-6 Yrs,2,6,3.6-13.3L/yr,360000.0,1330000.0,Hyderabad / Secunderabad,60,Naukri,4.0,73,"Python, Information technology, Analytical"
Sr. Data Analyst,Clairvoyant India Pvt. Ltd,5-8 Yrs,5,8,3.6-13.3L/yr,360000.0,1330000.0,Hyderabad / Secunderabad,60,Naukri,4.0,73,"Python, Troubleshooting, Data modeling"
Data Analyst,DAZN Group,4-8 Yrs,4,8,3.6-13.3L/yr,360000.0,1330000.0,Hyderabad / Secunderabad,60,Naukri,4.5,11,"SQL, Python, Business intelligence"
Data Analyst - Tableau/Power BI (5-10 yrs),Varite India,5-10 Yrs,5,10,3.6-13.3L/yr,360000.0,1330000.0,Bangalore / Bengaluru,30,hirist,3.7,162,"Data Infrastructure, Snowflake DB, DB"
Netradyne - Staff Data Analyst - Python/SQL (7-9 yrs),Netradyne Technologies India Pvt Ltd,7-9 Yrs,7,9,3.6-13.3L/yr,360000.0,1330000.0,Bangalore / Bengaluru,16,hirist,3.6,37,"Data Analyst, Data Analytics, Data Pipeline"
Senior Manager/Data Analyst (4-10 yrs),C2FO,4-10 Yrs,4,10,3.6-13.3L/yr,360000.0,1330000.0,Noida,19,hirist,3.6,53,"Data Analytics, Business Analyst, SQL"
Manager/Senior Manager - Data Governance Products (10-13 yrs),HuQuo,10-13 Yrs,10,13,3.6-13.3L/yr,360000.0,1330000.0,Pune,9,hirist,3.8,14,"Product Management, Data Governance, Data Analyst"
Manager/Senior Manager - Data Analyst (2-10 yrs),HuQuo,2-10 Yrs,2,10,3.6-13.3L/yr,360000.0,1330000.0,"Delhi ncr, Mumbai, Bangalore / Bengaluru",9,iimjobs,3.8,14,"Tableau, Python, SQL"
Data Analyst - Business Intelligence (1-3 yrs),HuQuo Consulting Pvt. Ltd.,1-3 Yrs,1,3,3.6-13.3L/yr,360000.0,1330000.0,Gurgaon / Gurugram,9,hirist,3.8,14,"Data Analyst, Data Analytics, Reporting Tools"
Assistant Manager/Lead Assistant Manager/Manager - Data Analyst - Banking (2-9 yrs),HuQuo,2-5 Yrs,2,5,3.6-13.3L/yr,360000.0,1330000.0,Bangalore / Bengaluru,9,iimjobs,3.8,14,Data Analyst
Senior Research Analyst - Data Analytics (5-8 yrs),HuQuo,5-8 Yrs,5,8,3.6-13.3L/yr,360000.0,1330000.0,Gurgaon / Gurugram,9,hirist,3.8,14,"IT Research, Data Analytics, Data Analyst"
Data Engineer - Python/Hadoop (2-8 yrs),HuQuo,2-8 Yrs,2,8,3.6-13.3L/yr,360000.0,1330000.0,Gurgaon / Gurugram,9,hirist,3.8,14,"Data Analytics, Data Analyst, Python"
Assistant Manager/Lead Manager - Data Analytics (3-6 yrs),HuQuo Consulting Pvt. Ltd.,3-6 Yrs,3,6,3.6-13.3L/yr,360000.0,1330000.0,Gurgaon / Gurugram,9,hirist,3.8,14,"IT Project Delivery, Data Analyst, Data Analytics"
Manager/Senior Manager - Data Analyst - KPO (5-7 yrs),HuQuo,5-7 Yrs,5,7,3.6-13.3L/yr,360000.0,1330000.0,"Hyderabad / Secunderabad, Pune, Gurgaon / Gurugram",9,iimjobs,3.8,14,"Data Analytics, Analytics, SQL"
Data Analyst,Paktolus solutions,1-2 Yrs,1,2,3.6-13.3L/yr,360000.0,1330000.0,Mumbai,24,Naukri,3.9,27,"Computer science, Data analysis, Claims"
Data Analyst,PreludeSys India Ltd,5-7 Yrs,5,7,3.6-13.3L/yr,360000.0,1330000.0,Chennai,30,Naukri,3.6,217,"Python, Mahine learning, Wealth management"
Senior Data Analyst,Whatfix,3-5 Yrs,3,5,3.6-13.3L/yr,360000.0,1330000.0,Bangalore / Bengaluru,30,Naukri,3.5,72,"Web analytics, Analytical, Medical insurance"
Data Analyst,Oceaneering International Services Limited,3-8 Yrs,3,8,3.6-13.3L/yr,360000.0,1330000.0,Chandigarh,90,Naukri,4.0,232,"ERP, Renewable energy, Aerospace"
GVM Data Analyst,Sony India Software Centre Pvt Ltd,1-4 Yrs,1,4,3.6-13.3L/yr,360000.0,1330000.0,Bangalore / Bengaluru,365,Naukri,4.3,1100,"Unix, Networking, Linux"
Research Analyst,CapeStart Software Private Limited,1-5 Yrs,1,5,1.9-3.5L/yr,190000.0,350000.0,Nagercoil,150,Naukri,4.6,268,"Analytical skills, Data analysis, Excel"
Software Engineer,Chubb,7-10 Yrs,7,10,3.6-13.3L/yr,360000.0,1330000.0,"Nizamabad, Warangal, Hyderabad / Secunderabad",60,Naukri,3.8,128,"Computer science, Economics, Data analysis"
Junior Data Analyst,Consulting And Beyond,0-1 Yrs,0,1,1.0-2.0L/yr,100000.0,200000.0,Chennai,3,Naukri,4.3,5,"Pivot Table, Communication Skills, VLOOKUP"
Data Analyst,D2 International,3-8 Yrs,3,8,3.6-13.3L/yr,360000.0,1330000.0,Kolkata,12,Naukri,3.6,23,"Data Visualizations, KPI, Coral Draw"
Softsensor AI - Senior Consultant Manager/Data Analyst - Analytics (2-4 yrs),Softsensor AI LLC,2-4 Yrs,2,4,3.6-13.3L/yr,360000.0,1330000.0,Gurgaon / Gurugram,14,iimjobs,3.8,18,"Analytics, Machine Learning, Data Analytics"
GroundTruth - Principal Software Engineer - Data Engineering (10-17 yrs),GROUNDTRUTH INDIA PRIVATE LIMITED,2-5 Yrs,2,5,3.6-13.3L/yr,360000.0,1330000.0,Bangalore / Bengaluru,30,hirist,3.2,50,Data Analyst
Digit88 Technologies - Data Analyst - SQL/Python (4-7 yrs),DIGIT88 TECHNOLOGIES PVT LTD,4-7 Yrs,4,7,3.6-13.3L/yr,360000.0,1330000.0,Pune,7,hirist,3.6,15,"Data Analyst, Excel, SQL"
Data Analyst,KRSNAA Diagnostics,1-5 Yrs,1,5,3.6-13.3L/yr,360000.0,1330000.0,Pune,270,Naukri,3.9,378,"Trade, Head Business Development, Diagnostics"
Data Analyst (5-12 yrs),Personnel Search Services,5-12 Yrs,5,12,3.6-13.3L/yr,360000.0,1330000.0,"Mumbai, Navi Mumbai",30,iimjobs,4.7,6,"Data Science, Data Management, Analytics"
Data Analyst,InnovAccer,1-4 Yrs,1,4,5.5-13.0L/yr,550000.0,1300000.0,Noida,30,Naukri,3.1,290,"Health insurance, Product engineering, Claims"
Lead Data Analyst,InnovAccer,5-6 Yrs,5,6,32.0-25.0L/yr,3200000.0,2500000.0,Noida,30,Naukri,3.1,290,"Health insurance, Skill development, Data modeling"
Priority Technology Holdings - Data Analyst - Tableau/Power BI (2-5 yrs),Priority Technology Holdings,2-5 Yrs,2,5,3.6-13.3L/yr,360000.0,1330000.0,Chandigarh,7,hirist,3.1,46,"Data Analyst, SQL Server, Looker"
Data Analyst,Experian PLC,3-5 Yrs,3,5,3.6-13.3L/yr,360000.0,1330000.0,Mumbai,60,Naukri,3.7,84,"CRM, Analytics, SQL"
Manager - Data Analytics & Engineering (5-10 yrs),Credit Saison,5-10 Yrs,5,10,3.6-13.3L/yr,360000.0,1330000.0,Bangalore / Bengaluru,27,hirist,3.8,42,"Data Analyst, Data Analytics, Data Engineering"
Associate BI Developer - Data Visualization (1-3 yrs),Kaplan,1-3 Yrs,1,3,3.6-13.3L/yr,360000.0,1330000.0,Bangalore / Bengaluru,60,hirist,3.7,58,"Data Pipeline, Data Analytics, Data Analyst"
Lead Data Analyst,Cimpress India,5-10 Yrs,5,10,3.6-13.3L/yr,360000.0,1330000.0,Bangalore / Bengaluru,90,Naukri,3.9,266,"Consulting, Analytics, SQL"
Data Analyst,conneqtbusinesssolutions,1-3 Yrs,1,3,3.6-13.3L/yr,360000.0,1330000.0,Bangalore / Bengaluru,150,Naukri,3.7,8000,"Troubleshooting, Manager Quality Assurance, Data mining"
Senior Data Analyst,InApp Information Technologies,6-11 Yrs,6,11,3.6-13.3L/yr,360000.0,1330000.0,"Thiruvananthapuram, Cochin/Ernakulam/Kochi",180,Naukri,4.7,56,"Data analysis, SQL, Forecasting"
Data Analyst - Python (3-7 yrs),"Triad Square Pvt Ltd.,",3-7 Yrs,3,7,3.6-13.3L/yr,360000.0,1330000.0,Bangalore / Bengaluru,30,hirist,4.0,30,"Python, Data Analyst, SQL"
Data Analyst II - BI Development (5-5 yrs),MEREDITH INDIA SERVICES PRIVATE LIMITED,5-5 Yrs,5,5,3.6-13.3L/yr,360000.0,1330000.0,Bangalore / Bengaluru,30,hirist,4.3,19,"Microstrategy, Data Analyst, Power BI"
Data Analyst - BFSI/Healthcare (2-5 yrs),Crescendo Global Leadership Hiring India Private Limited,2-5 Yrs,2,5,3.6-13.3L/yr,360000.0,1330000.0,Gurgaon / Gurugram,30,iimjobs,4.2,119,"Analytics, Data Analytics, SQL"
Financial Master Data  Analyst,DISCOVERY COMMUNICATIONS INDIA,2-7 Yrs,2,7,3.6-13.3L/yr,360000.0,1330000.0,Hyderabad / Secunderabad,25,Naukri,3.7,38,"excel, business intelligence tools, data analysis"
Senior Data Analyst - DOMO Tool (6-8 yrs),Cortex Consulting Pvt. Ltd.,6-8 Yrs,6,8,3.6-13.3L/yr,360000.0,1330000.0,Chennai,27,hirist,3.1,16,"Data Analyst, Data Analytics, Python"
Thoucentric - Data Analyst - SQL (0-2 yrs),Thoucentric Technology Pvt. Ltd.,0-2 Yrs,0,2,3.6-13.3L/yr,360000.0,1330000.0,Bangalore / Bengaluru,60,hirist,3.8,89,"Data Analyst, Data Analytics, Data Pipeline"
Thoucentric -  Data Analyst (0-2 yrs),Thoucentric Technology Private Limited,0-2 Yrs,0,2,3.6-13.3L/yr,360000.0,1330000.0,Bangalore / Bengaluru,60,iimjobs,3.8,89,"Data Analytics, Analytics, SQL"
Data Analyst,Impressico Business Solutions Pvt. Ltd.,3-5 Yrs,3,5,3.5-5.0L/yr,350000.0,500000.0,Noida,365,Naukri,4.5,161,"Data entry, Data Analyst, Finance"
Lead Data Analyst (3-6 yrs),Grizmo Labs,3-6 Yrs,3,6,3.6-13.3L/yr,360000.0,1330000.0,Gurgaon / Gurugram,26,hirist,3.9,23,"Data Analyst, Data Analytics, SQL"
Senior Data Analyst,Capco Technologies Pvt Ltd,2-7 Yrs,2,7,3.6-13.3L/yr,360000.0,1330000.0,"Chennai, Pune, New Delhi",60,Naukri,3.7,424,"sql, data manipulation, communication skills"
Data Analyst,Astaguru,4-8 Yrs,4,8,3.6-13.3L/yr,360000.0,1330000.0,Mumbai,23,Naukri,4.1,12,"Data Scraping, Data Cleansing, Data Extraction"
Data Analyst - Python (3-8 yrs),Akshaya IT Business Solutions,2-5 Yrs,2,5,3.6-13.3L/yr,360000.0,1330000.0,Bangalore / Bengaluru,30,hirist,5.0,5,Data Analyst
AI Data Analyst -Associate Tech Specialist,Essenware Private Limted,1-3 Yrs,1,3,3.6-13.3L/yr,360000.0,1330000.0,"Chennai, Pune, New Delhi",16,Naukri,4.7,4,"Data analysis, Usage, Project implementation"
Data Analyst - Investment Bank (1-3 yrs),Upgrad Rekrut,1-3 Yrs,1,3,3.6-13.3L/yr,360000.0,1330000.0,Mumbai,21,iimjobs,3.5,44,"Data Analytics, Analytics, Consulting - BFSI"
Data Analyst,Indium Software (India) Limited,4-9 Yrs,4,9,3.6-13.3L/yr,360000.0,1330000.0,Chennai,150,Naukri,4.1,698,"SQL, CRM, Python"
Data Analyst - Tableau,Indium Software (India) Limited,4-9 Yrs,4,9,3.6-13.3L/yr,360000.0,1330000.0,Chennai,180,Naukri,4.1,698,"SAN, SAS, SOC"
Data Analyst,Indium Software (India) Limited,2-4 Yrs,2,4,6.0-12.2L/yr,600000.0,1220000.0,Hyderabad / Secunderabad,240,Naukri,4.1,698,"SQL, Monitoring, Python"
Indium Software - Manager - Data Analytics (6-10 yrs),Indium Software,6-10 Yrs,6,10,3.6-13.3L/yr,360000.0,1330000.0,Bangalore / Bengaluru,120,hirist,4.1,698,"Data Analytics, Data Analyst, SQL"
Indium Software - Data Analyst - SQL/SAS/Python (3-7 yrs),Indium Software,3-7 Yrs,3,7,3.6-13.3L/yr,360000.0,1330000.0,Bangalore / Bengaluru,120,hirist,4.1,698,"SQL, SAS, R"
Data Analyst,Indium Software (India) Limited,4-9 Yrs,4,9,3.6-13.3L/yr,360000.0,1330000.0,Chennai,180,Naukri,4.1,698,"IT services, tableau, SAS"
Data Analyst,Indium Software (India) Limited,5-10 Yrs,5,10,3.6-13.3L/yr,360000.0,1330000.0,Hyderabad / Secunderabad,240,Naukri,4.1,698,"Data Analyst, SQL, CRM"
Data Analyst,Indium Software (India) Limited,2-4 Yrs,2,4,6.0-12.2L/yr,600000.0,1220000.0,Hyderabad / Secunderabad,240,Naukri,4.1,698,"Data Analyst, SQL, CRM"
Data Analyst,Indium Software (India) Limited,4-9 Yrs,4,9,3.6-13.3L/yr,360000.0,1330000.0,Bangalore / Bengaluru,240,Naukri,4.1,698,"Data Analyst, CRM, Python"
Data Analyst - R/Python (2-8 yrs),SolarSquare Energy,2-8 Yrs,2,8,3.6-13.3L/yr,360000.0,1330000.0,Mumbai,17,hirist,3.2,81,"Data Analyst, Data Mining, Data Visualization"
C2FO - Data Analyst (0-4 yrs),C2FO,0-4 Yrs,0,4,3.6-13.3L/yr,360000.0,1330000.0,Noida,26,hirist,3.6,53,Data Analyst
Data Analyst (US Real Estate Data Experience),Batchservice,3-6 Yrs,3,6,3.6-13.3L/yr,360000.0,1330000.0,Bangalore / Bengaluru,23,Naukri,3.2,9,"Pyspark, Aws Cloud, Big Data"
Data Analyst - Bank (3-5 yrs),Dimensions HRD Consultants,3-5 Yrs,3,5,3.6-13.3L/yr,360000.0,1330000.0,Delhi ncr,10,iimjobs,3.4,20,"Data Analytics, Analytics, Consulting - BFSI"
Data Analyst - Data Visualization (3-8 yrs),HuQuo Consulting Pvt. Ltd.,3-8 Yrs,3,8,3.6-13.3L/yr,360000.0,1330000.0,Gurgaon / Gurugram,16,hirist,3.8,14,"Data Analyst, Data Analytics, Data Visualization"
Data Analyst - Technology Consulting,Tiger Analytics,5-8 Yrs,5,8,3.6-13.3L/yr,360000.0,1330000.0,"Chennai, Bangalore / Bengaluru, Hyderabad / Secunderabad",60,Naukri,3.5,504,"Data Analyst, SQL, Oracle"
Course5 Intelligence - Data Engineer - Python/PySpark (5-10 yrs),Course 5 Intelligence,5-10 Yrs,5,10,3.6-13.3L/yr,360000.0,1330000.0,Bangalore / Bengaluru,60,hirist,4.1,332,"Data Management, Data Analyst, Data Analytics"
Data Analyst -  Financial Business (5-10 yrs),RightMatch,5-10 Yrs,5,10,3.6-13.3L/yr,360000.0,1330000.0,Mumbai,30,iimjobs,4.2,7,"Data Analytics, Consulting - BFSI, Analytics"
Data Analyst - Dashboard Design (2-5 yrs),OUTSIZED INDIA PRIVATE LIMITED,2-5 Yrs,2,5,3.6-13.3L/yr,360000.0,1330000.0,Bangalore / Bengaluru,4,hirist,4.2,4,Data Analyst
Data Analyst - Global Consulting Firm - Dashboards/Coding Macros - Contractual Role (2-10 yrs),Outsized India Private Limited,2-5 Yrs,2,5,3.6-13.3L/yr,360000.0,1330000.0,Bangalore / Bengaluru,4,iimjobs,4.2,4,Data Analyst
Data Analyst - SQL/SSIS (5-20 yrs),Aricent,5-20 Yrs,5,20,3.6-13.3L/yr,360000.0,1330000.0,"Bangalore / Bengaluru, Karnataka, Mysuru / Mysore",30,hirist,3.6,2000,"Data Analyst, Data Analytics, SQL"
Data Analyst,Tibil Solutions,2-3 Yrs,2,3,4.0-6.4L/yr,400000.0,640000.0,Bangalore / Bengaluru,30,Naukri,3.6,29,"Data Analyst, power bi, Usage"
Data Analyst (MDM/Data Warehousing) || Work FROM Home,Thoughtstorm Technologies,6-11 Yrs,6,11,3.6-13.3L/yr,360000.0,1330000.0,Faridabad,16,Naukri,5.0,3,"Informatica Mdm, Power Bi, MDM"
Data Analyst II,Chubb,3-5 Yrs,3,5,3.6-13.3L/yr,360000.0,1330000.0,Bangalore / Bengaluru,90,Naukri,3.8,128,"Data analysis, Data management, Db2"
Sr. Data Modeler / Data Analyst,Photon Infotech P Ltd,5-10 Yrs,5,10,3.6-13.3L/yr,360000.0,1330000.0,Chennai,180,Naukri,4.0,1400,"Data Analyst, Db2, Data modeling"
Data Engineer,Photon Infotech P Ltd,2-5 Yrs,2,5,3.6-13.3L/yr,360000.0,1330000.0,"Chennai, Pune, New Delhi",210,Naukri,4.0,1400,"SQL, Linux, Python"
Data Analyst - Products,India Medtronic Pvt. Ltd,3-5 Yrs,3,5,3.6-13.3L/yr,360000.0,1330000.0,Hyderabad / Secunderabad,240,Naukri,4.1,466,"Master data management, Healthcare, Data quality"
Data Analyst,Physics Wallah,3-6 Yrs,3,6,3.6-13.3L/yr,360000.0,1330000.0,Noida,365,Naukri,3.8,1200,"Data analysis, SQL, Python"
Marketing Data Analyst II,Course Hero,3-4 Yrs,3,4,3.6-13.3L/yr,360000.0,1330000.0,"Chennai, Pune, New Delhi",30,Naukri,3.6,62,"SQL, Health insurance, SEM"
Data Analyst - SAS/SQL (6-15 yrs),T D Newton,6-15 Yrs,6,15,3.6-13.3L/yr,360000.0,1330000.0,"Bangalore / Bengaluru, Chennai",5,hirist,2.7,33,"Data Analyst, SAS, SQL"
Data Analyst - Power BI (10-15 yrs),Talpro,10-15 Yrs,10,15,3.6-13.3L/yr,360000.0,1330000.0,"Mumbai, Kolkata",5,hirist,4.0,5,"Data Analyst, Data Analytics, Power BI"
Lead Developer - Power BI (8-10 yrs),Cortex Consulting Pvt. Ltd.,8-10 Yrs,8,10,3.6-13.3L/yr,360000.0,1330000.0,Remote,30,hirist,3.1,16,"Power BI, Business Intelligence, Data Warehousing"
Droom - Data Analyst (2-5 yrs),Droom Technology (P) Ltd,2-5 Yrs,2,5,3.6-13.3L/yr,360000.0,1330000.0,Gurgaon / Gurugram,60,iimjobs,3.5,153,"Data Analytics, Analytics, SQL"
Technical Data Analyst,TraceLink Inc.,3-5 Yrs,3,5,3.6-13.3L/yr,360000.0,1330000.0,Pune,60,Naukri,3.8,32,"SQL, Supply chain, Business intelligence"
UsefulBI Corporation - Senior Data Analyst - Tableau (4-6 yrs),USEFULBI CORPORATION,4-6 Yrs,4,6,3.6-13.3L/yr,360000.0,1330000.0,Bangalore / Bengaluru,60,hirist,4.3,20,"Tableau, Data Visualization, Python"
Associate Merchandiser_ Furniture & Dec- Data Analyst,Williams-sonoma India Pvt. Ltd.,2-6 Yrs,2,6,3.6-13.3L/yr,360000.0,1330000.0,Gurgaon / Gurugram,30,Naukri,3.2,19,"Supply chain management, Data analysis, data integrity"
Data Analyst,ANR Software Pvt. Ltd.,2-5 Yrs,2,5,3.6-13.3L/yr,360000.0,1330000.0,Noida,365,Naukri,4.3,191,"SQL, SAS, Process improvement"
SCM - Data Analyst,Banyan Nation,3-5 Yrs,3,5,3.6-13.3L/yr,360000.0,1330000.0,Hyderabad / Secunderabad,24,Naukri,3.8,23,"Electrical engineering, Supply chain, Data Analyst"
Business Data Analyst,IGW India Technologies,10-12 Yrs,10,12,3.6-13.3L/yr,360000.0,1330000.0,Pune,30,Naukri,3.8,42,"Microsoft SSIS, Power BI, Business Data Analysis"
Associate Merchandiser - Furniture & Dec - Data Analyst,"Williams-Sonoma, Inc.",2-6 Yrs,2,6,3.6-13.3L/yr,360000.0,1330000.0,Gurgaon / Gurugram,30,Naukri,3.2,19,"Supply chain management, Data analysis, data integrity"
Data Analyst,Leuwint technologies,5-9 Yrs,5,9,3.6-13.3L/yr,360000.0,1330000.0,Riyadh,27,Naukri,3.5,6,"data extraction, Data Analysis, data mapping"
Data Engineer/ Data Analyst,Chryselys,2-6 Yrs,2,6,3.6-13.3L/yr,360000.0,1330000.0,"Chennai, Hyderabad / Secunderabad",26,Naukri,3.8,21,"Life Sciences, ADF, DW"
Data Analyst,Lepton Software Export & Research Pvt Ltd,8-12 Yrs,8,12,3.6-13.3L/yr,360000.0,1330000.0,Gurgaon / Gurugram,60,Naukri,3.9,92,"FMCG, Telecom, Logistics"
Data Analyst - SQL/Python (5-7 yrs),Talpro,5-7 Yrs,5,7,3.6-13.3L/yr,360000.0,1330000.0,Bangalore / Bengaluru,7,hirist,4.0,5,"Data Analyst, Data Analytics, Tableau"
Data Analyst,TECHPLUS MEDIA PRIVATE LIMITED,2-3 Yrs,2,3,3.6-13.3L/yr,360000.0,1330000.0,New Delhi,6,Naukri,3.4,12,Data Analyst
Lead Data Analyst,Ecolab Digital Center,6-8 Yrs,6,8,3.6-13.3L/yr,360000.0,1330000.0,Bangalore / Bengaluru,60,Naukri,3.6,90,"data science, lead data analyst, Mathematics"
Data Analyst,Leuwint Technologies,5-10 Yrs,5,10,3.6-13.3L/yr,360000.0,1330000.0,Saudi arabia,29,Naukri,3.5,6,"Data Reconciliation, Data Migration, Data Analysis"
UAV Data Analyst,Prakhar Software Solutions,3-8 Yrs,3,8,3.6-13.3L/yr,360000.0,1330000.0,New Delhi,25,Naukri,3.3,54,"Data analysis, Assurance, Data collection"
Data Analyst,Crown Clothing Pvt. Ltd.,2-6 Yrs,2,6,3.0-3.5L/yr,300000.0,350000.0,"Thakurpukur Mahestola, Budge Budge, Kolkata",1,Naukri,3.3,9,"Google Sheets, Google Data Studio, Data Automation"
Data Analyst - Power BI,Creative Synergies Consulting India Pvt. Ltd.,5-10 Yrs,5,10,3.6-13.3L/yr,360000.0,1330000.0,Bangalore / Bengaluru,365,Naukri,4.1,371,"power bi, Data Analyst, SQL"
Master Data Analyst,Oriflame Cosmetics Ltd,3-5 Yrs,3,5,3.6-13.3L/yr,360000.0,1330000.0,New Delhi,365,Naukri,3.8,233,"General accounting, Automation, IFS"
Data Analyst - Power BI,Creative Synergies Consulting India Pvt. Ltd.,5-10 Yrs,5,10,3.6-13.3L/yr,360000.0,1330000.0,Bangalore / Bengaluru,365,Naukri,4.1,371,"power bi, Data Analyst, SQL"
BUSINESS DATA ANALYST,Rebel Bots,3-5 Yrs,3,5,3.6-13.3L/yr,360000.0,1330000.0,Remote,365,Naukri,4.0,158,"Analytical, Business analysis, Gaming"
Master Data Analyst,Oriflame Cosmetics Ltd,3-5 Yrs,3,5,3.6-13.3L/yr,360000.0,1330000.0,New Delhi,365,Naukri,3.8,233,"General accounting, Automation, IFS"
Data Analyst,Contus,5-10 Yrs,5,10,3.6-13.3L/yr,360000.0,1330000.0,Chennai,1095,Naukri,4.3,90,"Computer science, Analytical skills, Data analysis"
Data Analyst - Python/SQL/a/b Testing (3-9 yrs),HuQuo Consulting Pvt. Ltd.,3-9 Yrs,3,9,3.6-13.3L/yr,360000.0,1330000.0,Gurgaon / Gurugram,23,iimjobs,3.8,14,"Analytics, Data Analytics, SQL"
Zeno Health - Data Analyst (2-4 yrs),Zeno Health,2-5 Yrs,2,5,3.6-13.3L/yr,360000.0,1330000.0,Bangalore / Bengaluru,30,iimjobs,3.9,137,Data Analyst
Priority Technology Holdings - Data Analyst - Business Intelligence (2-5 yrs),Priority Technology Holdings,2-5 Yrs,2,5,3.6-13.3L/yr,360000.0,1330000.0,Chandigarh,19,hirist,3.1,46,"Data Analyst, SQL, Data Analytics"
Data Analyst (Power BI Developer),Mobio Solutions,2-5 Yrs,2,5,3.6-13.3L/yr,360000.0,1330000.0,Ahmedabad,30,Naukri,5.0,5,"data analysis, etl process, dashboards"
Data Analyst,Capco Technologies Pvt Ltd,7-8 Yrs,7,8,3.6-13.3L/yr,360000.0,1330000.0,"Chennai, Pune, Mumbai",120,Naukri,3.7,424,"data governance, Financial services, Operational risk"
Assistant Manager MIS,IndiaMART InterMESH Ltd,0-3 Yrs,0,3,3.6-13.3L/yr,360000.0,1330000.0,Noida,210,Naukri,3.6,4000,"Data collection, Operations, Assistant Manager MIS"
Data Analyst,Capco Technologies Pvt Ltd,3-6 Yrs,3,6,6.8-8.5L/yr,680000.0,850000.0,Bangalore / Bengaluru,365,Naukri,3.7,424,"Financial services, Asset management, Core banking"
Business / Data Analyst,REVENTICS,2-3 Yrs,2,3,3.6-13.3L/yr,360000.0,1330000.0,Hyderabad / Secunderabad,1095,Naukri,4.2,138,"Computer science, SAS, Performance management"
Data Analyst,Capco Technologies Pvt Ltd,3-6 Yrs,3,6,6.8-10.0L/yr,680000.0,1000000.0,Bangalore / Bengaluru,1095,Naukri,3.7,424,"Financial services, Relationship management, Investment banking"
Data Analyst,Capco Technologies Pvt Ltd,7-8 Yrs,7,8,3.6-13.3L/yr,360000.0,1330000.0,"Chennai, Pune, Mumbai",120,Naukri,3.7,424,"data governance, Financial services, Operational risk"
Agrim Wholesale - Business Analyst (1-3 yrs),Agrim,1-3 Yrs,1,3,3.6-13.3L/yr,360000.0,1330000.0,Gurgaon / Gurugram,60,hirist,3.5,95,"Data Analytics, Analytics, Data Analyst"
Data Analyst,Gupta And Sharma,0-2 Yrs,0,2,3.0-4.0L/yr,300000.0,400000.0,Bangalore / Bengaluru,8,Naukri,3.7,6,"Banking Operations, Power Bi, Mis Report Preparation"
Lead Hybrid BI Engineer - Power BI/Azure (6-9 yrs),Infiniti Research,6-9 Yrs,6,9,3.6-13.3L/yr,360000.0,1330000.0,Bangalore / Bengaluru,60,hirist,4.0,379,"Power BI, Azure, Data Analytics"
Data Analyst,Paramount Health Services(TPA) Pvt. Ltd.,4-5 Yrs,4,5,3.6-13.3L/yr,360000.0,1330000.0,Thane,270,Naukri,3.9,369,"Cognos, Production support, Technology management"
Data Analyst,Paramount,1-4 Yrs,1,4,3.6-13.3L/yr,360000.0,1330000.0,Thane,365,Naukri,3.9,369,"Data analysis, SQL, Oracle"
Data Analyst - SQL/Python (5-6 yrs),Mobile Programming LLC,5-6 Yrs,5,6,3.6-13.3L/yr,360000.0,1330000.0,Gurgaon / Gurugram,30,hirist,2.9,333,"Data Analytics, Data Analyst, SQL"
Techmagnate - Data Analyst (3-8 yrs),Techmagnate,3-8 Yrs,3,8,3.6-13.3L/yr,360000.0,1330000.0,Delhi ncr,60,iimjobs,3.9,120,"Analytics, Data Analytics, Data Visualization"
Data Analyst,Addverb Technologies,1-3 Yrs,1,3,3.6-13.3L/yr,360000.0,1330000.0,Noida,365,Naukri,4.0,344,"3D, Automation, Sales"
Data Analyst,Intelligaia Technologies Pvt. Ltd.,3-4 Yrs,3,4,3.6-13.3L/yr,360000.0,1330000.0,Panchkula,365,Naukri,4.8,12,"Analytics, Market research, Data analysis"
Data Analyst,AXIS MY INDIA Ltd.,1-4 Yrs,1,4,3.0-4.5L/yr,300000.0,450000.0,Mumbai,365,Naukri,4.0,244,"Data analysis, Automation, Data collection"
SuperBottoms - Data Analyst - D2C/eCommerce Domain (2-7 yrs),SuperBottoms,2-7 Yrs,2,7,3.6-13.3L/yr,360000.0,1330000.0,"Mumbai, Navi Mumbai, Thane",30,iimjobs,4.0,56,"Data Analytics, Analytics"
WovV Technologies - Data Analyst - SQL/Python (7-9 yrs),Wovv Technology,7-9 Yrs,7,9,3.6-13.3L/yr,360000.0,1330000.0,Mumbai,60,hirist,4.6,143,"Data Analyst, Data Analytics, Data Validation"
Manager / AVP Data Analyst (FATCA),The Edge Partnership,7-9 Yrs,7,9,3.6-13.3L/yr,360000.0,1330000.0,Bangalore / Bengaluru,16,Naukri,3.6,9,"Root cause analysis, Data analysis, Project management"
SalaryBox - Senior Data Analyst - Python/SQL (2-4 yrs),SalaryBox,2-4 Yrs,2,4,3.6-13.3L/yr,360000.0,1330000.0,Gurgaon / Gurugram,24,hirist,3.1,67,"Data Analyst, Data Analytics, Quantitative Analytics"
Roundglass - Business Intelligence Engineer - Data Analytics (2-4 yrs),ROUNDGLASS WELLBEING PRIVATE LIMITED,2-4 Yrs,2,4,3.6-13.3L/yr,360000.0,1330000.0,Mohali,30,hirist,3.3,49,"Business Intelligence, Data Analyst, Data Analytics"
Eucloid -  Data Analyst (1-5 yrs),Eucloid Data Solutions Pvt Ltd,1-5 Yrs,1,5,3.6-13.3L/yr,360000.0,1330000.0,Gurgaon / Gurugram,30,iimjobs,4.8,7,"Data Analytics, Analytics, Data Visualization"
Senior Data Analyst,Ipsos Research Private Ltd.,3-5 Yrs,3,5,3.6-13.3L/yr,360000.0,1330000.0,Bangalore / Bengaluru,150,Naukri,3.4,232,"Consulting, Linux, Pharma"
Data Analyst,Ipsos Research Private Ltd.,2-4 Yrs,2,4,3.6-13.3L/yr,360000.0,1330000.0,Bangalore / Bengaluru,150,Naukri,3.4,232,"Consulting, Linux, Pharma"
Lead Data Analyst,Ipsos Research Private Ltd.,3-6 Yrs,3,6,3.6-13.3L/yr,360000.0,1330000.0,Bangalore / Bengaluru,150,Naukri,3.4,232,"SQL, Automation, Python"
Lead Data Analyst,Vistaprint India Marketing Solutions Pvt Ltd,5-10 Yrs,5,10,3.6-13.3L/yr,360000.0,1330000.0,Bangalore / Bengaluru,90,Naukri,3.8,92,"Consulting, Analytics, Monitoring"
Senior Data Analyst,CarDekho,2-4 Yrs,2,4,3.6-13.3L/yr,360000.0,1330000.0,Gurgaon / Gurugram,730,Naukri,3.7,797,"SQL, MySQL, Python"
Senior Data Analyst,PT Tokopedia (tokopedia.com),3-4 Yrs,3,4,3.6-13.3L/yr,360000.0,1330000.0,Bangalore / Bengaluru,120,Naukri,4.0,72,"SQL, Python, Analytics"
Staff Business Data Analyst - SQL/Tableau (9-13 yrs),Intuit,9-13 Yrs,9,13,3.6-13.3L/yr,360000.0,1330000.0,Bangalore / Bengaluru,60,hirist,3.6,140,"Data Analyst, Data Analytics, Power BI"
Urgent- Supply Chain - Logistics / Data Analyst,Pittie Group,1-3 Yrs,1,3,0.5-2.8L/yr,50000.0,275000.0,Navi Mumbai,23,Naukri,2.3,27,"Data Analysis, Advanced Excel, SCM analyst"
Sales Operations Associate/Sales Operations Analyst,Boyd Thermal Systems,5-10 Yrs,5,10,3.6-13.3L/yr,360000.0,1330000.0,Chennai,20,Naukri,4.0,6,"GTM, Incentives, Sales Operations"
Data Analyst,Fictiv,2-5 Yrs,2,5,3.6-13.3L/yr,360000.0,1330000.0,Pune,23,Naukri,3.5,3,"ERP, Warehouse, Senior Analyst"
Business Data Analyst - Delhi,Indo German International,2-5 Yrs,2,5,8.0-10.0L/yr,800000.0,1000000.0,New Delhi,26,Naukri,4.2,6,"Business Reporting, Business Research, Research Analysis"
Systems Data Analyst,Intone Networks,1-4 Yrs,1,4,3.6-13.3L/yr,360000.0,1330000.0,Remote,60,Naukri,4.3,31,Data Analyst
People Data Analyst,Cornerstone India,3-8 Yrs,3,8,3.6-13.3L/yr,360000.0,1330000.0,Mumbai,30,Naukri,4.0,19,"Troubleshooting, SQL, Data management"
Data Analyst,kaleeswari refinery p ltd,0-3 Yrs,0,3,3.6-13.3L/yr,360000.0,1330000.0,"Trichy, Chennai, Madurai",120,Naukri,4.0,207,Data Analyst
Senior Data Analyst,GO-JEK ENGINEERING,3-5 Yrs,3,5,3.6-13.3L/yr,360000.0,1330000.0,Bangalore / Bengaluru,120,Naukri,3.7,105,"SQL, Python, Analytics"
ADM BI Data Analyst,Providence College of Engineering,2-6 Yrs,2,6,3.6-13.3L/yr,360000.0,1330000.0,Hyderabad / Secunderabad,12,Naukri,4.3,3,"Production support, JIT, Business analytics"
Data Analyst - Quicksight (2-5 yrs),Growel Softech Pvt. Ltd.,2-5 Yrs,2,5,3.6-13.3L/yr,360000.0,1330000.0,Hyderabad / Secunderabad,30,hirist,2.9,104,"Quicksight, Data Analyst, Data Analytics"
Data Analyst - Revenue Cycle Management & Electronic Health Record,Saisystems International,2-3 Yrs,2,3,3.6-13.3L/yr,360000.0,1330000.0,Pune,30,Naukri,3.1,19,"Healthcare, Analytical, Billing"
Data Analyst - Power BI (1-5 yrs),OUTSIZED INDIA PRIVATE LIMITED,1-5 Yrs,1,5,3.6-13.3L/yr,360000.0,1330000.0,Mumbai,18,hirist,4.2,4,"Data Analyst, Power BI, Dashboard Design"
Junior Data Analyst (PGDM Finance Freshers),Institutional Shareholder Services Inc.,0-2 Yrs,0,2,3.6-13.3L/yr,360000.0,1330000.0,Mumbai,270,Naukri,3.8,84,"Master data management, MS Office, Corporate governance"
Data Analyst,Rochem Separation Systems India Pvt Ltd,2-3 Yrs,2,3,3.6-13.3L/yr,360000.0,1330000.0,Banda,1460,Naukri,3.9,208,"ERP, Automation, SAP ERP"
Data Analyst,Comscore Technologies,1-4 Yrs,1,4,3.6-13.3L/yr,360000.0,1330000.0,Pune,6,Naukri,4.6,2,"insurance, modeling, software"
Data Analyst - Insights,True Caller,1-3 Yrs,1,3,3.6-13.3L/yr,360000.0,1330000.0,Bangalore / Bengaluru,60,Naukri,4.0,19,"SQL, Data mining, Health insurance"
Data Analyst - Global Consulting Firm - Contractual Role (1-5 yrs),Outsized India Private Limited,1-5 Yrs,1,5,3.6-13.3L/yr,360000.0,1330000.0,Mumbai,19,iimjobs,4.2,4,"Data Analytics, Data Visualization, Data Science"
Data Analyst II,Postman,3-6 Yrs,3,6,3.6-13.3L/yr,360000.0,1330000.0,Bangalore / Bengaluru,60,Naukri,3.9,28,"Analytical, SAN, Operations"
Assistant Manager Data Analyst,Lenskart.com,2-5 Yrs,2,5,3.6-13.3L/yr,360000.0,1330000.0,Gurgaon / Gurugram,150,Naukri,3.3,2500,"Customer service, SQL, Japanese"
Assistant Manager || Data Analyst,Lenskart,2-5 Yrs,2,5,3.6-13.3L/yr,360000.0,1330000.0,Gurgaon / Gurugram,150,Naukri,3.3,2500,"Customer service, Data analysis, SQL"
Data Analyst - B2C,DAZN Group,3-6 Yrs,3,6,3.6-13.3L/yr,360000.0,1330000.0,Hyderabad / Secunderabad,90,Naukri,4.5,11,"SQL, Data analysis, IT services"
"Python,Java, NoSQL,Data analyst",Tessolve Semiconductor Pvt. Ltd.,3-4 Yrs,3,4,3.6-13.3L/yr,360000.0,1330000.0,Bangalore / Bengaluru,90,Naukri,3.7,260,C
Streaming Data Analyst,DAZN Group,2-6 Yrs,2,6,3.6-13.3L/yr,360000.0,1330000.0,Hyderabad / Secunderabad,150,Naukri,4.5,11,"Automation, Agile, JIRA"
Assistant Manager || Data Analyst,Lenskart,2-5 Yrs,2,5,3.6-13.3L/yr,360000.0,1330000.0,Gurgaon / Gurugram,150,Naukri,3.3,2500,"Customer service, Data analysis, SQL"
Senior Data Analyst - Customer Services,DAZN Group,4-7 Yrs,4,7,3.6-13.3L/yr,360000.0,1330000.0,Hyderabad / Secunderabad,150,Naukri,4.5,11,"SQL, Python, Manager Quality Assurance"
Senior Data Analyst,ION,2-5 Yrs,2,5,3.6-13.3L/yr,360000.0,1330000.0,Noida,30,Naukri,3.6,132,"SQL, XML, Business intelligence"
Lead Data Analyst - AWS/ETL (8-14 yrs),Optimal Virtual Employee,2-5 Yrs,2,5,3.6-13.3L/yr,360000.0,1330000.0,Bangalore / Bengaluru,30,hirist,3.3,18,Data Analyst
Data Analyst,Technedge Solutions India,3-6 Yrs,3,6,3.6-13.3L/yr,360000.0,1330000.0,Gurgaon / Gurugram,18,Naukri,5.0,2,"Excel, Power Bi, Tableau"
Data Analyst Intern (Funding Pattern Analysis),Indian Institute for Human Settlements(IIHS),1-2 Yrs,1,2,3.6-13.3L/yr,360000.0,1330000.0,Bangalore / Bengaluru,90,Naukri,4.2,29,"Wordpress, Intern, Data analysis"
Data Analyst (Excel/MIS specialist),KIRTANE PANDIT LLP - CHARTERED ACCOUNTANTS,4-8 Yrs,4,8,3.6-13.3L/yr,360000.0,1330000.0,Mumbai,120,Naukri,3.9,93,"MIS, Data Analyst, Manager Quality Assurance"
Data Analyst,NITYO INFOTECH,3-12 Yrs,3,12,3.6-13.3L/yr,360000.0,1330000.0,Chennai,210,Naukri,3.1,648,"Data Analyst, Analyst"
PharmaScroll - Data Analyst - SQL/Excel/Power BI (4-6 yrs),Pharmascroll,4-6 Yrs,4,6,3.6-13.3L/yr,360000.0,1330000.0,Hyderabad / Secunderabad,23,hirist,3.8,7,"Data Analyst, Data Analytics, SQL"
Data Analyst - SQL/Python (7-11 yrs),WEN,7-11 Yrs,7,11,3.6-13.3L/yr,360000.0,1330000.0,Bangalore / Bengaluru,16,hirist,4.8,2,"SQL, Python, PySpark"
DATA ANALYST,treebohotels,1-5 Yrs,1,5,3.6-13.3L/yr,360000.0,1330000.0,Bangalore / Bengaluru,60,Naukri,3.4,239,"excel, sql, python"
Senior Data Analyst,CVM Solutions,7-10 Yrs,7,10,3.6-13.3L/yr,360000.0,1330000.0,Hyderabad / Secunderabad,120,Naukri,4.7,9,"Data analysis, Process improvement, Forecasting"
Senior Data Analyst,supplier.io,7-10 Yrs,7,10,3.6-13.3L/yr,360000.0,1330000.0,Hyderabad / Secunderabad,120,Naukri,4.7,9,"Data analysis, Process improvement, Forecasting"
Power BI Developer,Speridian Technologies Pvt Ltd,4-9 Yrs,4,9,3.6-13.3L/yr,360000.0,1330000.0,"Thiruvananthapuram, Mumbai, Cochin/Ernakulam/Kochi",240,Naukri,3.5,251,"SQL, SSIS, Debugging"
Data Analyst,CVM Solutions,1-2 Yrs,1,2,3.6-13.3L/yr,360000.0,1330000.0,Hyderabad / Secunderabad,365,Naukri,4.7,9,"Troubleshooting, SQL, Manager Quality Assurance"
Data Analyst,supplier.io,3-5 Yrs,3,5,5.6-6.0L/yr,555000.0,600000.0,Hyderabad / Secunderabad,365,Naukri,4.7,9,"Troubleshooting, SQL, Manager Quality Assurance"
Data Analyst,supplier.io,2-5 Yrs,2,5,3.6-13.3L/yr,360000.0,1330000.0,Hyderabad / Secunderabad,365,Naukri,4.7,9,"Troubleshooting, SQL, Manager Quality Assurance"
Data Support Analyst,CVM Solutions,3-5 Yrs,3,5,3.6-13.3L/yr,360000.0,1330000.0,Hyderabad / Secunderabad,365,Naukri,4.7,9,"Troubleshooting, Data analysis, SQL"
Data Analyst,CVM Solutions,2-4 Yrs,2,4,3.6-13.3L/yr,360000.0,1330000.0,Hyderabad / Secunderabad,365,Naukri,4.7,9,"Troubleshooting, SQL, Manager Quality Assurance"
Process Developer Data Analyst,Marktine,1-3 Yrs,1,3,3.6-13.3L/yr,360000.0,1330000.0,Remote,730,Naukri,4.7,62,"CRM, OTC, SMS"
Data Analyst(Tableau Developer),Marktine,3-8 Yrs,3,8,3.6-13.3L/yr,360000.0,1330000.0,Remote,730,Naukri,4.7,62,"IT services, SAN, Analytical"
Screen-Magic - Data Analyst - Founder's Office (4-10 yrs),Screen-Magic Mobile Media Private Limited,4-10 Yrs,4,10,3.6-13.3L/yr,360000.0,1330000.0,Pune,30,iimjobs,3.8,26,"Analytics, Data Analytics, Business Intelligence"
Aryng - Senior Data Analyst - Visualization Tools (4-8 yrs),Aryng LLC,4-8 Yrs,4,8,3.6-13.3L/yr,360000.0,1330000.0,Mumbai,20,hirist,4.4,3,"Data Analyst, Data Analytics, MySQL"
Medical Data Analyst Level I,ZignaAI,1-4 Yrs,1,4,3.6-13.3L/yr,360000.0,1330000.0,Hyderabad / Secunderabad,30,Naukri,4.8,4,"Healthcare, Billing, Analytical"
Operations Head,Genique Management,2-7 Yrs,2,7,3.6-13.3L/yr,360000.0,1330000.0,"Karnataka, Andhra Pradesh, Maharastra",30,Naukri,3.9,11,"Program Management, Operations Manager, Excel"
Business and Data Analyst,Accura Weldrods Kovai Pvt Ltd,1-3 Yrs,1,3,3.0-7.0L/yr,300000.0,700000.0,Coimbatore,1,Naukri,3.3,4,"Dax Queries, Power Bi Reports, Business Intelligence"
"Product Data Analyst(ACES, PIES)",Fenyes Engineered Technology Pvt Ltd,4-6 Yrs,4,6,3.6-13.3L/yr,360000.0,1330000.0,Bangalore / Bengaluru,4,Naukri,3.7,3,"PIES, Data Management, Data Extraction"
Sr. Data Analyst,PureSpectrum,3-6 Yrs,3,6,3.6-13.3L/yr,360000.0,1330000.0,Hyderabad / Secunderabad,6,Naukri,3.3,5,"Health insurance, Data validation, Employee engagement"
Data Analyst,Kazam,1-3 Yrs,1,3,3.6-13.3L/yr,360000.0,1330000.0,Bangalore / Bengaluru,24,Naukri,3.3,15,"Computer science, Stakeholder Engagement, Coding"
Business Data Analyst,Netxcell Ltd,3-8 Yrs,3,8,3.6-13.3L/yr,360000.0,1330000.0,Vijayawada,365,Naukri,3.6,90,"Computer science, C, Business Data Analyst"
Data Analyst,Reubro International,4-6 Yrs,4,6,3.6-13.3L/yr,360000.0,1330000.0,Cochin/Ernakulam/Kochi,2555,Naukri,5.0,6,"documentation, data management, data mining"
Business Data Analyst,Netxcell Ltd,3-8 Yrs,3,8,3.6-13.3L/yr,360000.0,1330000.0,Vijayawada,365,Naukri,3.6,90,"Business Analyst, Business Data Analyst, Manager Technology"
Data Analyst,Reubro International,4-6 Yrs,4,6,3.6-13.3L/yr,360000.0,1330000.0,Cochin/Ernakulam/Kochi,2920,Naukri,5.0,6,"documentation, data management, data mining"
Data Analyst,Reubro International,4-6 Yrs,4,6,3.6-13.3L/yr,360000.0,1330000.0,"Cochin/Ernakulam/Kochi, Kochi",2920,Naukri,5.0,6,"documentation, data management, data mining"
Business Data Analyst,Netxcell Ltd,3-8 Yrs,3,8,3.6-13.3L/yr,360000.0,1330000.0,Vijayawada,365,Naukri,3.6,90,"Computer science, C, Business Data Analyst"
Data Analyst -M&T,Accolite Software India Pvt Ltd,5-7 Yrs,5,7,3.6-13.3L/yr,360000.0,1330000.0,Bangalore / Bengaluru,365,Naukri,3.4,593,"SQL, Analytical, MATLAB"
Data Analyst,Diya Systems (Mangalore) Pvt. Ltd.,4-9 Yrs,4,9,3.6-13.3L/yr,360000.0,1330000.0,Mangaluru,1095,Naukri,3.5,289,"SQL, Technical support, Application development"
HealthPlix - Data Analyst - Tableau/Power BI (1-5 yrs),HealthPlix Technologies Pvt Ltd,1-5 Yrs,1,5,3.6-13.3L/yr,360000.0,1330000.0,Bangalore / Bengaluru,60,hirist,3.3,127,"Tableau, MySQL, SQL"
PharmaScroll - Data Analyst (8-10 yrs),Pharmascroll,8-10 Yrs,8,10,3.6-13.3L/yr,360000.0,1330000.0,Bangalore / Bengaluru,26,hirist,3.8,7,"SQL, Data Analyst, Data Analytics"
TransOrg Analytics - Data Scientist - R/Python/SQL (3-6 yrs),TransOrg Analytics,3-6 Yrs,3,6,3.6-13.3L/yr,360000.0,1330000.0,"Delhi ncr, Mumbai, Bangalore / Bengaluru",19,hirist,2.8,28,"Data Scientist, Data Science, Python"
Revolo Infotech - Data Analyst (2-4 yrs),Revolo Infotech,2-5 Yrs,2,5,3.6-13.3L/yr,360000.0,1330000.0,Bangalore / Bengaluru,60,hirist,4.9,9,Data Analyst
Data Analyst (2-4 yrs),Revolo Infotech,2-5 Yrs,2,5,3.6-13.3L/yr,360000.0,1330000.0,Bangalore / Bengaluru,60,hirist,4.9,9,Data Analyst
Data Analyst Intern,Idatalytics,0-1 Yrs,0,1,3.6-13.3L/yr,360000.0,1330000.0,Cochin/Ernakulam/Kochi,30,Naukri,3.7,8,"Presentation Skills, Excel, Statistical Tools"
Global Marketing Data Analyst (3-5 yrs),e-Hireo global solutions,3-5 Yrs,3,5,3.6-13.3L/yr,360000.0,1330000.0,Bangalore / Bengaluru,12,iimjobs,3.2,8,"Analytics, Web Analytics, Data Analytics"
Lead Data Analyst - Economics,The Economist Newspaper Limited,3-7 Yrs,3,7,3.6-13.3L/yr,360000.0,1330000.0,Gurgaon / Gurugram,30,Naukri,4.0,15,"Data analysis, SQL, Manager Quality Assurance"
Data Analyst,PradeepIT,5-7 Yrs,5,7,3.6-13.3L/yr,360000.0,1330000.0,Bangalore / Bengaluru,90,Naukri,4.8,49,"SAP, Adobe, Automation"
Data Analyst,PradeepIT,1-3 Yrs,1,3,3.6-13.3L/yr,360000.0,1330000.0,Bangalore / Bengaluru,90,Naukri,4.8,49,"SAP, CRM, Troubleshooting"
Data Analyst,PradeepIT,5-7 Yrs,5,7,3.6-13.3L/yr,360000.0,1330000.0,Bangalore / Bengaluru,90,Naukri,4.8,49,"Data Analyst, Informatica, Data quality"
Data Analyst,PradeepIT,1-3 Yrs,1,3,3.6-13.3L/yr,360000.0,1330000.0,Bangalore / Bengaluru,90,Naukri,4.8,49,"SAP, Silicon, Adobe"
Data Analyst,Apollo Tele health Services,3-8 Yrs,3,8,3.6-13.3L/yr,360000.0,1330000.0,Hyderabad / Secunderabad,90,Naukri,3.8,110,"MySQL, Python, Data Analyst"
Network Engineer,Digital Vidya,4-7 Yrs,4,7,3.6-13.3L/yr,360000.0,1330000.0,Gurgaon / Gurugram,365,Naukri,4.2,20,"Networking, Troubleshooting, Data analysis"
Data Analyst,PradeepIT,1-3 Yrs,1,3,3.6-13.3L/yr,360000.0,1330000.0,Bangalore / Bengaluru,90,Naukri,4.8,49,"SAP, Silicon, Adobe"
Data Analyst,PradeepIT,5-7 Yrs,5,7,3.6-13.3L/yr,360000.0,1330000.0,Bangalore / Bengaluru,90,Naukri,4.8,49,"SAP, Adobe, Automation"
Data Analyst,PradeepIT,1-3 Yrs,1,3,3.6-13.3L/yr,360000.0,1330000.0,Bangalore / Bengaluru,90,Naukri,4.8,49,"SAP, CRM, Troubleshooting"
Data Analyst,PradeepIT,5-7 Yrs,5,7,3.6-13.3L/yr,360000.0,1330000.0,Bangalore / Bengaluru,90,Naukri,4.8,49,"Data Analyst, Informatica, Data quality"
Data Analyst,Incanus Technologies,1-6 Yrs,1,6,5.0-15.0L/yr,500000.0,1500000.0,"Pune, Delhi/Ncr, Bangalore / Bengaluru",27,Naukri,3.8,7,"Excel, Python, SQL"
Nivoda - Marketing & Sales Data Analyst (6-9 yrs),Nivoda,6-9 Yrs,6,9,3.6-13.3L/yr,360000.0,1330000.0,Mumbai,30,iimjobs,3.9,16,"Analytics, Marketing Analytics, Sales Analytics"
Data Analyst,Northstar Pathology Lab,1-6 Yrs,1,6,3.6-13.3L/yr,360000.0,1330000.0,Ahmedabad,9,Naukri,3.5,4,Data Analyst
MIS Manager ( Senior Data Analyst ),Quantum Asset Management Company Private Limited,7-9 Yrs,7,9,3.6-13.3L/yr,360000.0,1330000.0,Mumbai,120,Naukri,3.9,30,"MIS, SQL, Logistics"
Data Analyst,Albea,5-7 Yrs,5,7,3.6-13.3L/yr,360000.0,1330000.0,Panaji/Panjim,120,Naukri,3.7,19,"Pharma, Costing, Packaging"
Data Analyst,Albea,5-7 Yrs,5,7,3.6-13.3L/yr,360000.0,1330000.0,Panaji/Panjim,120,Naukri,3.7,19,"Pharma, Costing, Packaging"
Data Analyst - SAS/Python (4-9 yrs),HuQuo Consulting Pvt. Ltd.,4-9 Yrs,4,9,3.6-13.3L/yr,360000.0,1330000.0,"Delhi ncr, Gurgaon / Gurugram",30,hirist,3.8,14,"SAS, Python, Data Analyst"
Microstrategy Developer - Reporting Analytics & Dashboards (4-7 yrs),genxhire,4-7 Yrs,4,7,3.6-13.3L/yr,360000.0,1330000.0,Pune,30,hirist,3.5,51,"Microstrategy, Business Intelligence, Data Analyst"
Associate Data Analyst,SKIDOS,1-2 Yrs,1,2,3.6-13.3L/yr,360000.0,1330000.0,New Delhi,30,Naukri,3.9,14,"SQL, Python, Associate Data Analyst"
Data Analyst,VGMinds TechStudios Pvt Ltd,1-4 Yrs,1,4,3.6-13.3L/yr,360000.0,1330000.0,Bangalore / Bengaluru,25,Naukri,5.0,2,Data Analyst
Data Analyst (2-15 yrs),Symbiosis Management Consultants Pvt Ltd,2-15 Yrs,2,15,3.6-13.3L/yr,360000.0,1330000.0,Mumbai,30,iimjobs,4.8,5,"Analytics, Data Analytics, Python"
Senior Data Analyst,VIACOM 18 MEDIA PRIVATE LIMITED,4-7 Yrs,4,7,3.6-13.3L/yr,360000.0,1330000.0,"Mumbai, Bangalore / Bengaluru",120,Naukri,3.7,74,"Statistical programming, Telecom, Bfsi"
Data Analyst II,VIACOM 18 MEDIA PRIVATE LIMITED,2-4 Yrs,2,4,3.6-13.3L/yr,360000.0,1330000.0,"Mumbai, Bangalore / Bengaluru",120,Naukri,3.7,74,"Statistical programming, Telecom, Bfsi"
Staff Data Analyst - JioCinema,VIACOM 18 MEDIA PRIVATE LIMITED,7-10 Yrs,7,10,3.6-13.3L/yr,360000.0,1330000.0,"Mumbai, Bangalore / Bengaluru",120,Naukri,3.7,74,"Telecom, Bfsi, Analytical"
Data Analyst- ML/Data Science,Intello Labs,2-4 Yrs,2,4,8.0-16.0L/yr,800000.0,1600000.0,Gurgaon/Gurugram,1460,bigshyft,3.7,91,"R, Hive, MATLAB"
SAP Cloud Business Analyst / Tester / Data Analyst,Fort Technologies,2-5 Yrs,2,5,3.6-13.3L/yr,360000.0,1330000.0,"Chennai, Pune, New Delhi",5,Naukri,3.5,3,"System testing, Data analysis, SAP"
Junior Data Analyst,LumenData Solutions India Pvt Ltd,1-3 Yrs,1,3,3.6-13.3L/yr,360000.0,1330000.0,Bangalore / Bengaluru,30,Naukri,3.8,12,"Data analysis, SQL, Data processing"
Tableau Developer - Reporting Analytics (5-8 yrs),TIGI HR Solution Pvt. Ltd.,5-8 Yrs,5,8,3.6-13.3L/yr,360000.0,1330000.0,Bangalore / Bengaluru,60,hirist,4.1,18,"Tableau, Data Analytics, Data Analyst"
SQL Developer / Data Analyst - Fresher,Breakwalls Technologies,0-3 Yrs,0,3,3.6-13.3L/yr,360000.0,1330000.0,Bangalore / Bengaluru,4,Naukri,3.8,2,"SQL Server Development, Excel, Tsql Development"
Data Analyst,Circle K Stores Inc,2-5 Yrs,2,5,3.6-13.3L/yr,360000.0,1330000.0,Gurgaon / Gurugram,30,Naukri,4.0,22,"data engineering, data analysis, user stories"
Data Analyst,TechUp Labs,1-4 Yrs,1,4,3.6-13.3L/yr,360000.0,1330000.0,Remote,30,Naukri,4.0,12,"Python, Data modeling, Selenium"
Data Analyst,Capillary Technologies India Pvt. Ltd.,2-5 Yrs,2,5,3.6-13.3L/yr,360000.0,1330000.0,Bangalore / Bengaluru,90,Naukri,3.5,173,"SQL, Automation, Python"
Associate Data Analyst,"comScore, Inc.",2-7 Yrs,2,7,3.6-13.3L/yr,360000.0,1330000.0,Pune,120,Naukri,3.7,34,"metadata, Provident fund, Linux"
Data Analyst,Simplilearn Solutions,1-3 Yrs,1,3,4.2-10.0L/yr,420000.0,1000000.0,Bangalore / Bengaluru,120,Naukri,3.2,612,"Project management, Analytics, Product engineering"
Senior Data Analyst,Simplilearn Solutions,2-4 Yrs,2,4,3.6-13.3L/yr,360000.0,1330000.0,Bangalore / Bengaluru,120,Naukri,3.2,612,"Project management, Analytics, SQL"
BI Developer,Lighthouse Info Systems Pvt. Ltd.,1-3 Yrs,1,3,3.6-13.3L/yr,360000.0,1330000.0,Nagpur,730,Naukri,3.8,55,"Business intelligence, Analytics, data visualization"
Data Analyst,Capillary Technologies India Pvt. Ltd.,2-5 Yrs,2,5,3.6-13.3L/yr,360000.0,1330000.0,Bangalore / Bengaluru,90,Naukri,3.5,173,"SQL, Automation, Python"
Senior Data Analyst,Simplilearn Solutions,2-4 Yrs,2,4,3.6-13.3L/yr,360000.0,1330000.0,Bangalore / Bengaluru,120,Naukri,3.2,612,"Project management, Analytics, SQL"
Sr. Data Analyst,XenonStack Private Ltd,3-4 Yrs,3,4,3.6-13.3L/yr,360000.0,1330000.0,Mohali,300,Naukri,3.6,178,"Analytical, Consulting, SQL"
Reference Data Analyst,ICE DATA SERVICES INDIA PRIVATE LIMITED,0-2 Yrs,0,2,3.6-13.3L/yr,360000.0,1330000.0,Hyderabad/Secunderabad,240,First Naukri,3.2,100,"Excel, VBA, MS Office"
Frontend Developer,Heart It Out,1-3 Yrs,1,3,3.6-13.3L/yr,360000.0,1330000.0,Remote,300,Naukri,4.6,66,"Internship, Data Analyst"
Data Analyst,Fabzen Technologies Pvt. Ltd.,3-8 Yrs,3,8,3.6-13.3L/yr,360000.0,1330000.0,Pune,365,Naukri,4.6,69,"Analytical skills, tableau, Machine learning"
Data Analyst,DecisionTree Analytics and Services Private Limited,1-3 Yrs,1,3,3.6-13.3L/yr,360000.0,1330000.0,Gurgaon / Gurugram,1460,Naukri,4.2,17,"SQL, Data warehousing, Data Analyst"
Data Analyst,DecisionTree Analytics and Services Private Limited,1-3 Yrs,1,3,3.6-13.3L/yr,360000.0,1330000.0,Gurgaon / Gurugram,1460,Naukri,4.2,17,"PHP, MySQL, Informatica"
Data Analyst,Heart It Out,1-3 Yrs,1,3,3.6-13.3L/yr,360000.0,1330000.0,Remote,300,Naukri,4.6,66,"Internship, Data Analyst, MySQL"
Human Resources Data Analyst II,Mold-Masters Limited,2-4 Yrs,2,4,3.6-13.3L/yr,360000.0,1330000.0,Coimbatore,60,Naukri,3.8,39,"Analytics, Automation, Continuous improvement"
Technical Consultant,Andor Tech (India) Pvt Ltd,5-10 Yrs,5,10,3.6-13.3L/yr,360000.0,1330000.0,Bangalore / Bengaluru,150,Naukri,3.8,44,"Automation, Python, Agile"
Data Analyst,Andor Tech (India) Pvt Ltd,5-9 Yrs,5,9,3.6-13.3L/yr,360000.0,1330000.0,Bangalore / Bengaluru,270,Naukri,3.8,44,"SQL, Agile, Software design"
Business Analyst - Entry-Ops,Andor Tech (India) Pvt Ltd,4-8 Yrs,4,8,3.6-13.3L/yr,360000.0,1330000.0,Bangalore / Bengaluru,270,Naukri,3.8,44,"Data analysis, SQL, Adobe"
Data Analyst,SourceFuse Technologies (India) Pvt Ltd.,6-11 Yrs,6,11,3.6-13.3L/yr,360000.0,1330000.0,Remote,120,Naukri,3.6,92,"IT services, Computer science, Data analysis"
Senior Data Analyst,Robosoft Technologies Pvt. Ltd,3-6 Yrs,3,6,3.6-13.3L/yr,360000.0,1330000.0,"Mumbai, Udupi, Bangalore / Bengaluru",150,Naukri,3.4,246,"Computer science, Business analysis, Information security"
Data Analyst,Mobikwik,3-5 Yrs,3,5,3.0-8.0L/yr,300000.0,800000.0,Gurgaon/Gurugram,1095,bigshyft,3.4,255,"SQL, Hive, Tableau"
Senior Data Analyst - Boutique Strategy Research Firm (2-4 yrs),Unnati,2-4 Yrs,2,4,3.6-13.3L/yr,360000.0,1330000.0,New Delhi,60,iimjobs,4.1,74,"Data Analytics, Analytics, Statistics"
Data Analyst - Hadoop/Big Data Platform (9-12 yrs),TD NEWTON,9-12 Yrs,9,12,3.6-13.3L/yr,360000.0,1330000.0,Mumbai,30,hirist,2.7,33,"Data Analyst, Data Analytics, Data Profiling"
Network Engineer,Essenware Private Limted,2-4 Yrs,2,4,3.6-13.3L/yr,360000.0,1330000.0,"Chennai, Pune, New Delhi",30,Naukri,4.7,4,"Data analysis, Automation, Analytical"
Data Analyst,Kishore Tech Solutions Overseas Pvt Ltd,1-4 Yrs,1,4,3.6-13.3L/yr,360000.0,1330000.0,Bangalore / Bengaluru,60,Naukri,5.0,6,"Analyst, Analytical, Programming"
Data Analyst - Web Analytics (4-7 yrs),Hitya Global,4-7 Yrs,4,7,3.6-13.3L/yr,360000.0,1330000.0,Navi Mumbai,7,hirist,5.0,1,"Data Analyst, Data Analytics, Google Analytics"
Data Analyst - IT (4-10 yrs),Resource Tree Global Services,4-10 Yrs,4,10,3.6-13.3L/yr,360000.0,1330000.0,"Mumbai, Bangalore / Bengaluru, Hyderabad / Secunderabad",7,iimjobs,5.0,1,"Data Analytics, Analytics, Data Visualization"
Power BI Lead - Data Analytics (7-9 yrs),Nice Software Solutions Pvt. Ltd,7-9 Yrs,7,9,3.6-13.3L/yr,360000.0,1330000.0,Bangalore / Bengaluru,60,hirist,3.5,59,"Power BI, Data Analytics, BI Reporting"
Data Analyst,Genxlead Solutions Pvt Ltd,1-4 Yrs,1,4,3.6-13.3L/yr,360000.0,1330000.0,Chennai,120,Naukri,3.9,32,"Data analysis, Machine learning, Email marketing"
DecisionTree - Power BI Developer - ETL Tools (5-8 yrs),Decision Tree Analytics,5-8 Yrs,5,8,3.6-13.3L/yr,360000.0,1330000.0,Gurgaon / Gurugram,30,hirist,4.4,7,"BI/DW, Power BI, DAX Power BI"
Machine Learning Data Analyst,Adventure India Journey Private Ltd.,5-10 Yrs,5,10,3.6-13.3L/yr,360000.0,1330000.0,New Delhi,20,Naukri,4.5,2,"Exploratory Data Analysis, Artificial Intelligence, Natural Language Processing"
Data Analyst,Aryng,1-3 Yrs,1,3,3.6-13.3L/yr,360000.0,1330000.0,Gurgaon / Gurugram,30,Naukri,4.4,3,"data analytics, data analysis, data science"
Data Analyst,Aryng,1-3 Yrs,1,3,3.6-13.3L/yr,360000.0,1330000.0,Chennai,30,Naukri,4.4,3,"python, ux, data analytics"
Data Analyst,Aryng,4-7 Yrs,4,7,3.6-13.3L/yr,360000.0,1330000.0,New Delhi,30,Naukri,4.4,3,"Hypothesis testing, cloud, Presto"
AM/Manager- Financial Data Analyst,DMI FINANCE PRIVATE LIMITED,3-4 Yrs,3,4,6.0-6.0L/yr,600000.0,605000.0,New Delhi,120,Naukri,3.6,71,"MIS, Fund raising, Financial statements"
Engineer - Data Analyst,BUSINESSNEXT,1-3 Yrs,1,3,3.6-13.3L/yr,360000.0,1330000.0,Mumbai,150,Naukri,3.3,346,"Data Analyst, Data migration, Machine learning"
Data Analyst,Lobotus Technology Private Limited,3-5 Yrs,3,5,3.6-13.3L/yr,360000.0,1330000.0,Bangalore / Bengaluru,2190,Naukri,4.0,17,"Data processing, VLOOKUP, Internet surfing"
Associate - Web Developer and Data Analyst,iForest,5-8 Yrs,5,8,3.6-13.3L/yr,360000.0,1330000.0,Noida,9,Naukri,3.2,4,"python, css, data analysis"
Data Analyst - SQL/Python (4-20 yrs),td newton and associates,4-20 Yrs,4,20,3.6-13.3L/yr,360000.0,1330000.0,Pune,30,hirist,2.7,33,"Data Analyst, Data Analytics, SQL"
Data Analyst - SQL/Tableau (3-5 yrs),Cortex Consulting Pvt. Ltd.,3-5 Yrs,3,5,3.6-13.3L/yr,360000.0,1330000.0,Bangalore / Bengaluru,60,hirist,3.1,16,"Data Analyst, Data Analytics, SQL"
Data Analyst,Aryng,1-3 Yrs,1,3,3.6-13.3L/yr,360000.0,1330000.0,Bangalore / Bengaluru,30,Naukri,4.4,3,"data analysis, data science, Data management"
Data Analyst,Aryng,4-9 Yrs,4,9,3.6-13.3L/yr,360000.0,1330000.0,Mumbai,30,Naukri,4.4,3,"Presto, A/B Testing, hypothesis testing"
Data Analyst,Aryng,1-3 Yrs,1,3,3.6-13.3L/yr,360000.0,1330000.0,Hyderabad / Secunderabad,30,Naukri,4.4,3,"ux, data analytics, data analysis"
Data Analyst,"Cloudflare, Inc.",5-9 Yrs,5,9,3.6-13.3L/yr,360000.0,1330000.0,Remote,4,Naukri,3.9,30,"Customer management, Manager Quality Assurance, Networking"
Lead Consultant - Digital Transformation (15-20 yrs),Job Seeks 4U Consultancy Services,15-20 Yrs,15,20,3.6-13.3L/yr,360000.0,1330000.0,Bangalore / Bengaluru,21,hirist,3.4,5,"Data Analytics, Data Analyst, Python"
LenDenClub - Team Lead - Analytics & Data Science (5-10 yrs),LenDenClub,5-10 Yrs,5,10,3.6-13.3L/yr,360000.0,1330000.0,Mumbai,60,hirist,3.2,69,"Data Analyst, Data Analytics, Data Science"
Data Analyst,Comscore Technologies,2-4 Yrs,2,4,3.6-13.3L/yr,360000.0,1330000.0,Pune,24,Naukri,4.6,2,"SAS, Database Queries, SQL Queries"
Commercial Analyst / Data Analyst,Printo Document Services Pvt. Ltd,1-4 Yrs,1,4,3.6-13.3L/yr,360000.0,1330000.0,"Chennai, Pune, New Delhi",240,Naukri,3.5,93,"Logistics, Data analysis, Commercial Analyst"
Data Analyst - Imaginarium,Imaginarium India Pvt Ltd,2-5 Yrs,2,5,6.0-10.0L/yr,600000.0,1000000.0,Mumbai,365,Naukri,3.7,34,"Data analysis, Interpersonal skills, Investor relations"
Osfin.ai - Data Analyst (2-6 yrs),Osfin.ai,2-6 Yrs,2,6,3.6-13.3L/yr,360000.0,1330000.0,Bangalore / Bengaluru,30,iimjobs,3.8,5,"Analytics, Data Analytics, SQL"
Sr. Data Analyst,Jio Tesseract,4-6 Yrs,4,6,3.6-13.3L/yr,360000.0,1330000.0,"Navi Mumbai, Mumbai",5,Naukri,1.7,57,"Data analysis, Data management, Analytical"
Data Analyst - R/Python (5-7 yrs),Quantumbricks,2-5 Yrs,2,5,3.6-13.3L/yr,360000.0,1330000.0,Bangalore / Bengaluru,12,hirist,5.0,1,Data Analyst
SpectraMedix - BI Analyst - Tableau (3-8 yrs),SpectraMedix India,3-8 Yrs,3,8,3.6-13.3L/yr,360000.0,1330000.0,Delhi ncr,90,hirist,3.8,23,"Tableau, Business Analyst, Data Analyst"
Data Analyst,Avaali Solutions Pvt Ltd,2-7 Yrs,2,7,3.6-13.3L/yr,360000.0,1330000.0,Bangalore / Bengaluru,210,Naukri,3.7,33,"Analytics, SQL, Consulting"
Site Data Analyst,Apraava Energy,4-7 Yrs,4,7,3.6-13.3L/yr,360000.0,1330000.0,"Vadodara, Ahmedabad, Rajkot",330,Naukri,4.5,41,"Auditing, SCM, Monitoring"
Data Mapping,NISC Exports Services (p) Ltd,2-6 Yrs,2,6,3.6-13.3L/yr,360000.0,1330000.0,Hyderabad / Secunderabad,365,Naukri,3.5,62,"Manager Quality Control, XML, Publishing"
NewsBytes - Data Analyst - Big Data/Machine Learning (1-3 yrs),NewsBytes,2-5 Yrs,2,5,3.6-13.3L/yr,360000.0,1330000.0,Bangalore / Bengaluru,10,hirist,2.4,11,Data Analyst
Business Data Analyst (6-8 yrs),Yo HR Consultancy,6-8 Yrs,6,8,3.6-13.3L/yr,360000.0,1330000.0,Bangalore / Bengaluru,13,hirist,5.0,1,"Business System Analyst, Business Analyst, Data Analyst"
"Data Analyst, II",Antuit Inc.,2-5 Yrs,2,5,3.6-13.3L/yr,360000.0,1330000.0,Bangalore / Bengaluru,30,Naukri,2.2,13,"Analytical, Customer service, SQL"
Employee Data Analyst,Tableau Software,4-6 Yrs,4,6,3.6-13.3L/yr,360000.0,1330000.0,Hyderabad / Secunderabad,9,Naukri,1.1,2,"global operations, Root cause analysis, human capital"
Data Analyst,Globalme Localization,2-7 Yrs,2,7,3.6-13.3L/yr,360000.0,1330000.0,Remote,365,Naukri,3.7,26,"Data Analyst, Data analysis, SQL"
Sr. Data Analyst,Weather Risk Management Services Ltd,1-4 Yrs,1,4,3.6-13.3L/yr,360000.0,1330000.0,Gurgaon / Gurugram,365,Naukri,3.4,75,"Automation, Data validation, Analytical"
Senior Data Analyst,Jupiter,3-6 Yrs,3,6,11.0-22.5L/yr,1100000.0,2250000.0,Bengaluru/Bangalore,19710,bigshyft,3.4,67,"SQL, Python, Tableau"
Senior Manager - Renewals Data Analyst - Life Insurance (9-10 yrs),TalenSys,2-5 Yrs,2,5,3.6-13.3L/yr,360000.0,1330000.0,Bangalore / Bengaluru,14,iimjobs,5.0,1,Data Analyst
Marketing Data Analyst,Marrina decisions,2-5 Yrs,2,5,3.6-13.3L/yr,360000.0,1330000.0,Remote,26,Naukri,4.0,3,"Data analysis, Project management, Process improvement"
Data Analyst,Akhil Systems,3-5 Yrs,3,5,3.6-13.3L/yr,360000.0,1330000.0,Gurgaon / Gurugram,120,Naukri,3.6,24,"SQL, Python, Business intelligence"
Data Analyst,CAMSDATA Technologies India Pvt Ltd,2-8 Yrs,2,8,3.6-13.3L/yr,360000.0,1330000.0,Bangalore / Bengaluru,365,Naukri,3.5,45,"SQL, Python, MIS"
Internal Audit Data Analyst,Stripe,5-7 Yrs,5,7,3.6-13.3L/yr,360000.0,1330000.0,Bangalore / Bengaluru,90,Naukri,3.6,18,"Analytics, SQL, Auditing"
Data Analyst - Operations,Apna Recruiter,1-2 Yrs,1,2,13.0-10.0L/yr,1300000.0,1000000.0,Bangalore / Bengaluru,150,Naukri,3.2,145,"CRM, Data analysis, SQL"
Senior Data Analytics Engineer - Hadoop/Scala (3-5 yrs),QAAgility Technologies,3-5 Yrs,3,5,3.6-13.3L/yr,360000.0,1330000.0,Pune,60,hirist,3.8,5,"Data Analytics, Data Analyst, Data Infrastructure"
Data Analyst,NOVISYNC SOLUTIONS INDIA PRIVATE LIMITED,3-4 Yrs,3,4,3.6-13.3L/yr,360000.0,1330000.0,Visakhapatnam,30,Naukri,4.7,4,"Data Analyst, Customer service, Backend"
Data Analysis Consultant (2-7 yrs),ANAKIN SKYWALKER PRIVATE LIMITED,2-7 Yrs,2,7,3.6-13.3L/yr,360000.0,1330000.0,Bangalore / Bengaluru,12,hirist,2.5,10,"Data Analyst, Data Analytics, Business Analyst"
Data Analyst,MIndstix Software Labs Pvt,3-8 Yrs,3,8,3.6-13.3L/yr,360000.0,1330000.0,Pune,90,Naukri,3.4,63,"SQL, SAN, Data structures"
Data Analyst,"KPI Partners, Inc.",5-10 Yrs,5,10,3.6-13.3L/yr,360000.0,1330000.0,"Chennai, Pune, New Delhi",300,Naukri,3.3,103,"Analytical skills, Data analysis, Excel"
Data Analyst,Antarctica Global,1-4 Yrs,1,4,3.6-13.3L/yr,360000.0,1330000.0,Mumbai,180,Naukri,4.4,24,"Analytical, Windows, Data analysis"
Data Analyst,"KPI Partners, Inc.",5-10 Yrs,5,10,3.6-13.3L/yr,360000.0,1330000.0,"Chennai, Pune, New Delhi",300,Naukri,3.3,103,"Analytical skills, Data analysis, Excel"
Senior Data Analyst,Tata nexarc,3-6 Yrs,3,6,3.6-13.3L/yr,360000.0,1330000.0,"Mumbai, Bangalore / Bengaluru",365,Naukri,3.1,210,"Analytical, OLAP, Manager Quality Control"
Data Analyst,Innovation Incubator Advisory Pvt. Ltd.,1-2 Yrs,1,2,3.6-13.3L/yr,360000.0,1330000.0,Remote,365,Naukri,4.1,10,"Data modeling, Data Analyst, Statistics"
Data Governance Analyst - Informatica (3-6 yrs),Info Origin Inc,3-6 Yrs,3,6,3.6-13.3L/yr,360000.0,1330000.0,Bangalore / Bengaluru,60,hirist,4.2,11,"Data Governance, Data Analyst, Informatica"
Data Analyst,Scalelot Technologies,2-7 Yrs,2,7,3.6-13.3L/yr,360000.0,1330000.0,Surat,30,Naukri,3.6,5,Data Analyst
Data Analyst,Samhita Integrated Solutions,2-4 Yrs,2,4,3.6-13.3L/yr,360000.0,1330000.0,"New Delhi, Mumbai",60,Naukri,4.1,15,"Troubleshooting, Data analysis, SQL"
Sales Data Analyst,T7E Aftermarket Connect Pvt. Ltd.,3-8 Yrs,3,8,3.6-13.3L/yr,360000.0,1330000.0,Mumbai,60,Naukri,4.1,48,"Data Analyst, Sales operations, MS Access"
BI Data Analyst,Saltmine,2-4 Yrs,2,4,3.6-13.3L/yr,360000.0,1330000.0,Bangalore / Bengaluru,30,Naukri,4.7,3,"Data Analyst, SQL, Business intelligence"
Lead - Data Analyst and Research Team,AppZen,2-5 Yrs,2,5,3.5-4.0L/yr,350000.0,400000.0,Pune,120,Naukri,3.9,14,"Analytical, Data quality, lead data analyst"
Data Analyst,Tekfriday Processing Solutions Pvt Ltd.,0-2 Yrs,0,2,3.6-13.3L/yr,360000.0,1330000.0,Hyderabad/Secunderabad,365,First Naukri,4.0,79,"MySQL, Data Analysis, Data Visualization"
Lead - Data Analyst and Research Team,AppZen,2-5 Yrs,2,5,3.5-4.0L/yr,350000.0,400000.0,Pune,120,Naukri,3.9,14,"Analytical, Data quality, lead data analyst"
Python Developer - Artificial Intelligence (2-4 yrs),Crossover,2-4 Yrs,2,4,3.6-13.3L/yr,360000.0,1330000.0,"Mumbai, Jaipur, Rajasthan",30,hirist,3.3,26,"Python, Data Science, Data Analyst"
Data Analyst II,REED ELSEVIER INDIA (a part of RELX India Pvt Ltd),3-6 Yrs,3,6,3.6-13.3L/yr,360000.0,1330000.0,Bangalore / Bengaluru,60,Naukri,3.7,91,"Analytics, Data analysis, Healthcare"
Sales Operations Data Analyst,"Cloudflare, Inc.",0-4 Yrs,0,4,3.6-13.3L/yr,360000.0,1330000.0,Remote,13,Naukri,3.9,30,"Data analysis, Operational excellence, Data management"
Data Analyst - Tableau/Power BI (2-5 yrs),T D Newton,2-5 Yrs,2,5,3.6-13.3L/yr,360000.0,1330000.0,"Hyderabad / Secunderabad, Gujarat, Chandigarh",30,hirist,2.7,33,"Data Visualization, Power BI, Tableau"
VDOT Data Analyst 2,Hankersystems India,0-1 Yrs,0,1,3.6-13.3L/yr,360000.0,1330000.0,Richmond,16,Naukri,3.3,3,"adhoc analysis, Data analysis, Power BI"
Senior Data Analyst,Deliveroo,3-6 Yrs,3,6,3.6-13.3L/yr,360000.0,1330000.0,"Chennai, Pune, New Delhi",30,Naukri,3.3,18,"Healthcare, SQL, Analytical"
E - commerce Data Analyst,Shine Business Solutions,2-7 Yrs,2,7,3.6-13.3L/yr,360000.0,1330000.0,Cochin/Ernakulam/Kochi,270,Naukri,3.9,11,"Data Analyst, Python, Consulting"
Sr Data Analyst / Power BI Developer,smartSense Consulting Solutions,2-4 Yrs,2,4,3.6-13.3L/yr,360000.0,1330000.0,Gandhinagar,730,Naukri,4.4,6,"Data Warehousing, Sql, Business Intelligence"
Data Analyst,BTree Systems,5-10 Yrs,5,10,3.6-13.3L/yr,360000.0,1330000.0,Chennai,240,Naukri,4.9,9,"IT training, Data Analyst, Training"
E - commerce Data Analyst,Shine Business Solutions,2-7 Yrs,2,7,3.6-13.3L/yr,360000.0,1330000.0,Cochin/Ernakulam/Kochi,270,Naukri,3.9,11,"Data Analyst, Python, Consulting"
Data Analyst,SSPL,2-7 Yrs,2,7,3.6-13.3L/yr,360000.0,1330000.0,"New Delhi, Mumbai",365,Naukri,4.0,72,"SQL, Cognos, ERP"
Data analyst,Purpos Planet,1-5 Yrs,1,5,3.6-13.3L/yr,360000.0,1330000.0,New Delhi,365,Naukri,4.6,13,"MIS, FMCG, Sales analysis"
Data Analyst,"CityInfo Services Pvt. Ltd.,",15-18 Yrs,15,18,3.6-13.3L/yr,360000.0,1330000.0,Bangalore / Bengaluru,730,Naukri,4.3,26,"Excel, Analytical, Consulting"
Sr Data Analyst / Power BI Developer,smartSense Consulting Solutions,2-4 Yrs,2,4,3.6-13.3L/yr,360000.0,1330000.0,Gandhinagar,730,Naukri,4.4,6,"Data Warehousing, Sql, Business Intelligence"
Netradyne - Staff Data Analyst - Machine Learning (5-8 yrs),Netradyne Technologies India Pvt Ltd,5-8 Yrs,5,8,3.6-13.3L/yr,360000.0,1330000.0,Bangalore / Bengaluru,60,hirist,3.6,37,"Data Analyst, Machine Learning, SQL"
Sales Data Analyst,British Safety Council,3-5 Yrs,3,5,3.6-13.3L/yr,360000.0,1330000.0,Mumbai,17,Naukri,2.9,5,"Data Visualization, Advanced Excel, Reporting And Analytics"
Data Analyst - SQL/Python (6-10 yrs),Forward eye technologies,6-10 Yrs,6,10,3.6-13.3L/yr,360000.0,1330000.0,"Chennai, Noida",30,hirist,4.7,3,"Data Analyst, Data Analytics, Snowflake DB"
Data Analyst - Customer Experience,Flutter International,1-4 Yrs,1,4,3.6-13.3L/yr,360000.0,1330000.0,Gurgaon / Gurugram,10,Naukri,4.0,1,"Operations Analyst, Senior Executive, Data Analyst"
SmartConnect Technologies - Data Analyst - Tableau/Power BI (3-4 yrs),SmartConnectt Technologies,3-4 Yrs,3,4,3.6-13.3L/yr,360000.0,1330000.0,Mumbai,60,hirist,2.9,69,"Predictive Analytics, Data Analyst, SQL"
Data Analyst Engineer,Ethos Life,0-3 Yrs,0,3,3.6-13.3L/yr,360000.0,1330000.0,Bangalore / Bengaluru,27,Naukri,2.9,8,"SAN, Data structures, Data analysis"
Data Analyst,PATH,1-4 Yrs,1,4,3.6-13.3L/yr,360000.0,1330000.0,New Delhi,150,Naukri,4.0,92,"Manager Quality Assurance, Monitoring, Payroll"
Data Analyst,NEXTGEN PROPERTY ADVISER PRIVATE LIMITED.,3-4 Yrs,3,4,3.6-13.3L/yr,360000.0,1330000.0,Hyderabad / Secunderabad,90,Naukri,4.7,8,"Process improvement, Data mining, PHP"
Senior Data Analyst,SaaS Labs,2-4 Yrs,2,4,3.6-13.3L/yr,360000.0,1330000.0,"Noida, New Delhi",1095,bigshyft,4.4,22,"Tableau, Data Analytics, Power BI"
Lead - Data Analyst (8-12 yrs),KPB Consultants,8-12 Yrs,8,12,3.6-13.3L/yr,360000.0,1330000.0,Bangalore / Bengaluru,11,iimjobs,4.0,1,"Data Analytics, Analytics, Python"
eCommerce Data Analyst,Six10ventures,2-6 Yrs,2,6,3.6-13.3L/yr,360000.0,1330000.0,Home based,23,Naukri,5.0,1,"Communication Skills, Presentation Skills, Report Generation"
Data Visualization Expert - Tableau/Power BI (5-7 yrs),Cortex Consulting Pvt. Ltd.,5-7 Yrs,5,7,3.6-13.3L/yr,360000.0,1330000.0,Bangalore / Bengaluru,60,hirist,3.1,16,"Data Visualization, Data Analytics, Data Analyst"
Data Scientist/Analyst - Data Mining & Statistical Analytics (2-10 yrs),Prime Infosoft,2-10 Yrs,2,10,3.6-13.3L/yr,360000.0,1330000.0,Remote,24,hirist,5.0,1,"Data Scientist, Data Analytics, Data Analyst"
Senior Marketing Data Analyst,WeGo,5-7 Yrs,5,7,3.6-13.3L/yr,360000.0,1330000.0,Bangalore / Bengaluru,210,Naukri,3.9,9,"Data analysis, SQL, Analytical"
Senior Data Analyst - Tableau,Beinex Consulting,2-4 Yrs,2,4,3.6-13.3L/yr,360000.0,1330000.0,Cochin/Ernakulam/Kochi,90,Naukri,3.4,23,"Senior Data Analyst, tableau"
Data Analyst - Power BI,Beinex Consulting,1-3 Yrs,1,3,3.6-13.3L/yr,360000.0,1330000.0,Cochin/Ernakulam/Kochi,90,Naukri,3.4,23,"Data Analyst, power bi"
Senior Data Analyst,Beinex Consulting,3-5 Yrs,3,5,3.6-13.3L/yr,360000.0,1330000.0,Cochin/Ernakulam/Kochi,90,Naukri,3.4,23,"Senior Data Analyst, java"
Senior Data Analyst,Qventus,5-6 Yrs,5,6,3.6-13.3L/yr,360000.0,1330000.0,Noida,12,Naukri,4.0,1,"Senior Analyst, Data modeling, Coding"
Data Analyst with Advanced Tableau,TECHNIX TECHNOLOGY,3-5 Yrs,3,5,3.6-13.3L/yr,360000.0,1330000.0,Bangalore / Bengaluru,60,Naukri,4.8,8,"Data analysis, SQL, Analytical"
Senior Data Analyst,northern tool,10-12 Yrs,10,12,3.6-13.3L/yr,360000.0,1330000.0,Hyderabad / Secunderabad,30,Naukri,3.2,14,"Customer support, Analytics, Data analysis"
Business Data Analyst,Syncpoint360,5-8 Yrs,5,8,9.0-18.0L/yr,900000.0,1800000.0,Coimbatore,1,Naukri,3.0,1,"Aws Data Lake, Airflow, Power Bi"
Data Analyst,Grab,2-6 Yrs,2,6,3.6-13.3L/yr,360000.0,1330000.0,Mumbai,150,Naukri,4.0,70,"Automation, Business intelligence, Analytics"
Data Analyst,Digital Glyde,0-3 Yrs,0,3,3.6-13.3L/yr,360000.0,1330000.0,"Chennai, Pune, New Delhi",30,Naukri,3.8,6,"Data analysis, SQL, Analytical"
Data Analyst / Senior Data Analyst,STATXO,3-8 Yrs,3,8,3.6-13.3L/yr,360000.0,1330000.0,Gurgaon / Gurugram,730,Naukri,4.8,9,"Telecom, Analytics, Procurement"
Data Analyst / Senior Data Analyst,STATXO,3-8 Yrs,3,8,3.6-13.3L/yr,360000.0,1330000.0,Gurgaon / Gurugram,730,Naukri,4.8,9,"Telecom, Analytics, Procurement"
Data Analyst with Advanced Tableau,Technix india (p) limited,3-8 Yrs,3,8,3.6-13.3L/yr,360000.0,1330000.0,Bangalore / Bengaluru,365,Naukri,4.8,8,"Data analytics, CRM, Data analysis"
Data Analyst / Bioinformatic Analyst,Prayoga Lifesciences Inc,1-5 Yrs,1,5,3.6-13.3L/yr,360000.0,1330000.0,Bangalore / Bengaluru,30,Naukri,4.7,3,"Flow cytometry, Data Analyst"
Senior Data Analyst,Anchanto SaaS Technology,8-13 Yrs,8,13,3.6-13.3L/yr,360000.0,1330000.0,Pune,30,Naukri,2.7,51,"Business intelligence, tableau, SQL"
Corporate Business Analyst - Intelligence,ITC WORLDWIDE,2-5 Yrs,2,5,3.6-13.3L/yr,360000.0,1330000.0,Bangalore / Bengaluru,60,Naukri,4.8,4,"Data Analyst, Python, Coding"
Corporate Business Analyst - Intelligence,ITC WORLDWIDE,2-5 Yrs,2,5,3.6-13.3L/yr,360000.0,1330000.0,Pune,60,Naukri,4.8,4,"Data Analyst, Coding, Staffing"
Data Analyst,Freedom From Diabetes Pvt. Ltd.,1-4 Yrs,1,4,3.6-13.3L/yr,360000.0,1330000.0,Pune,90,Naukri,3.3,24,"Data analysis, SAS, SPSS"
DIGITAL DATA ANALYST INTERN,DG7,0-1 Yrs,0,1,3.6-13.3L/yr,360000.0,1330000.0,"Mumbai, Vasai-Virar",300,Naukri,4.1,22,"Customer support, CRM, Analytics"
Sr . Data Analyst,DemandMatrix,5-8 Yrs,5,8,3.6-13.3L/yr,360000.0,1330000.0,Pune,1095,Naukri,3.9,7,"SQL, Linux, XML"
Data Analyst,Ipseity Group,1-3 Yrs,1,3,3.6-13.3L/yr,360000.0,1330000.0,Bhopal,1095,Naukri,4.2,18,"Training, Data analysis, Excel"
Sales Executive,DG7,2-4 Yrs,2,4,3.6-13.3L/yr,360000.0,1330000.0,Mumbai,1825,Naukri,4.1,22,"Sales Executive, Data Analyst"
Senior Data Analyst - Python/SQL/Azure Data Factory (3-5 yrs),se,3-5 Yrs,3,5,3.6-13.3L/yr,360000.0,1330000.0,Mumbai,30,hirist,3.2,4,"Data Analyst, Data Analytics, Python"
FP&A Data Analyst,"Open-Silicon, Inc.",2-5 Yrs,2,5,3.6-13.3L/yr,360000.0,1330000.0,"Pune, Bangalore / Bengaluru",90,Naukri,4.4,4,"Financial reporting, SAP, Financial planning"
Senior Data Analyst (L5),Global Pharma Tek,7-9 Yrs,7,9,3.6-13.3L/yr,360000.0,1330000.0,Bangalore / Bengaluru,210,Naukri,3.3,21,"Data Analyst, Consulting, Python"
Data Analyst,Global Pharma Tek,3-5 Yrs,3,5,3.6-13.3L/yr,360000.0,1330000.0,Bangalore / Bengaluru,210,Naukri,3.3,21,"Data Analyst, Consulting, Python"
Data Analyst,Global Pharma Tek,5-7 Yrs,5,7,3.6-13.3L/yr,360000.0,1330000.0,Bangalore / Bengaluru,210,Naukri,3.3,21,"Data Analyst, Consulting, Python"
PHP Developer,Essence Software Solution,0-4 Yrs,0,4,3.6-13.3L/yr,360000.0,1330000.0,Gurgaon / Gurugram,365,Naukri,4.6,7,C
Business Data Analyst,N Sight Consulting Group,3-4 Yrs,3,4,3.6-13.3L/yr,360000.0,1330000.0,Gurgaon / Gurugram,26,Naukri,3.0,4,"Excel Powerpoint, Analytical Skills, Data Interpretation"
Data Analyst - Business Intelligence (4-6 yrs),"Saaki, Argus and Averil Consulting",4-6 Yrs,4,6,3.6-13.3L/yr,360000.0,1330000.0,"Bangalore / Bengaluru, Chennai, Gurgaon / Gurugram",30,hirist,3.9,6,"Data Analytics, Data Analyst, SQL Server"
Report Designer/Developer,Pinion Services,1-8 Yrs,1,8,3.6-13.3L/yr,360000.0,1330000.0,"Hyderabad / Secunderabad, Visakhapatnam",365,Naukri,4.3,11,"SQL, SSRS, Data modeling"
Business Systems/Data Analyst,Pinion Services,1-8 Yrs,1,8,3.6-13.3L/yr,360000.0,1330000.0,"Hyderabad / Secunderabad, Visakhapatnam",365,Naukri,4.3,11,"SQL, Informatica, SSRS"
Data Analyst,Q-DAT IT SOLUTIONS PVT. LTD.,2-5 Yrs,2,5,1.2-2.5L/yr,115000.0,250000.0,Bangalore / Bengaluru,1825,Naukri,4.2,12,"MS Office, Analytical, Advanced"
Data Analyst,Derivium Tradition,0-2 Yrs,0,2,3.6-13.3L/yr,360000.0,1330000.0,Mumbai,24,Naukri,3.3,2,"Communication Skills, IQ, SQL Queries"
Data Analyst,Magzter Digital Private Limited,2-7 Yrs,2,7,3.6-13.3L/yr,360000.0,1330000.0,Chennai,365,Naukri,3.2,20,"SQL, Python, Troubleshooting"
Data Analyst,Legalwiz,1-3 Yrs,1,3,3.6-13.3L/yr,360000.0,1330000.0,Ahmedabad,365,Naukri,4.5,7,"Coding, Data mining, Business intelligence"
Insurance Data Analyst,XDuce,2-3 Yrs,2,3,3.6-13.3L/yr,360000.0,1330000.0,Ahmedabad,730,Naukri,3.2,22,"Underwriting, Claims, Data analysis"
Data Analyst,Innovative Techhub Private Limited,2-5 Yrs,2,5,3.6-13.3L/yr,360000.0,1330000.0,Pune,365,Naukri,4.3,14,"Python, Data modeling, Stored procedures"
Sr. Analyst,Wissda Inc,3-7 Yrs,3,7,3.6-13.3L/yr,360000.0,1330000.0,Bangalore / Bengaluru,330,Naukri,4.4,9,"Business Analyst, Project management, Consulting"
Data Analyst,Epaylater,3-6 Yrs,3,6,3.6-13.3L/yr,360000.0,1330000.0,Mumbai,365,Naukri,3.8,52,"MIS, Analytics, SQL"
RBHU Analytics - Data Analyst Trainee - R/Python,RBHU ETG Private Limited,0-2 Yrs,0,2,3.6-13.3L/yr,360000.0,1330000.0,Mumbai,27,Naukri,2.9,4,"Data Science, R, Power BI"
DATA ANALYST,Scaleup Mission,3-4 Yrs,3,4,3.6-13.3L/yr,360000.0,1330000.0,Bangalore / Bengaluru,30,Naukri,4.3,3,"Business strategy, Data Analyst, Operations management"
CRM Data Analyst,Screen-Magic,1-4 Yrs,1,4,3.6-13.3L/yr,360000.0,1330000.0,Pune,90,Naukri,3.8,26,"Team management, CRM, Data management"
Data Analyst-SR,A T L A S Systems Pvt LTD,3-8 Yrs,3,8,3.6-13.3L/yr,360000.0,1330000.0,Chennai,365,Naukri,2.9,38,"SQL, Process improvement, HTTP"
Data Analyst - Power BI/Tableau (5-7 yrs),RiskInsight Consulting Pvt Ltd,5-7 Yrs,5,7,3.6-13.3L/yr,360000.0,1330000.0,Chennai,30,hirist,3.9,4,"Data Analyst, Data Analytics, RDBMS"
Technical Consultant - Tableau,Tableau Software,3-6 Yrs,3,6,3.6-13.3L/yr,360000.0,1330000.0,"Pune, Bangalore / Bengaluru, Gurgaon / Gurugram",30,Naukri,1.1,2,"tableau, Data modeling, Agile development"
Data Analyst,Anju Software,1-5 Yrs,1,5,3.6-13.3L/yr,360000.0,1330000.0,Pune,150,Naukri,4.7,7,"Healthcare, SQL, Process improvement"
Data Analyst - DS (Quantum),m360 Research,5-7 Yrs,5,7,3.6-13.3L/yr,360000.0,1330000.0,Bangalore / Bengaluru,210,Naukri,4.1,17,"Data validation, ISO, Healthcare"
Power BI Developer,Bitscape Infotech Pvt. Ltd,2-5 Yrs,2,5,3.6-13.3L/yr,360000.0,1330000.0,Ahmedabad,1095,Naukri,3.9,31,"SQL, SSIS, Data modeling"
Voice and Accent Trainer - Diya Systems,GlowTouch Technologies,2-5 Yrs,2,5,3.6-13.3L/yr,360000.0,1330000.0,Mangaluru,1460,Naukri,3.5,88,"Monitoring, Training, Customer experience"
Data Analyst,GlowTouch Technologies,4-9 Yrs,4,9,3.6-13.3L/yr,360000.0,1330000.0,Mangaluru,1460,Naukri,3.5,88,"Technical support, ITES, SQL"
data analyst,infoveave,1-3 Yrs,1,3,4.5-8.5L/yr,450000.0,850000.0,Bangalore / Bengaluru,365,Naukri,3.8,20,"Data validation, Usage, Data analysis"
Data Analyst,Fashion TV India,1-4 Yrs,1,4,3.6-13.3L/yr,360000.0,1330000.0,Mumbai,300,Naukri,3.4,179,"CRM, Supply chain management, Data analysis"
Senior data analyst,Fashion TV India,5-6 Yrs,5,6,3.6-13.3L/yr,360000.0,1330000.0,Mumbai,300,Naukri,3.4,179,"CRM, Sales operations, Supply chain management"
Presales Data Analyst,DiLytics,3-10 Yrs,3,10,3.6-13.3L/yr,360000.0,1330000.0,Hyderabad / Secunderabad,210,Naukri,4.3,11,"Data Analyst, RFP, IT services"
Sr. Quality Analyst - Data,Assimilate Solutions,4-9 Yrs,4,9,3.6-13.3L/yr,360000.0,1330000.0,"Noida, Gurgaon / Gurugram",730,Naukri,3.3,741,"BPO, Manager Quality Assurance, ETL testing"
Sr. Data Analyst,Assimilate Solutions,5-10 Yrs,5,10,3.6-13.3L/yr,360000.0,1330000.0,"Noida, Gurgaon / Gurugram",730,Naukri,3.3,741,"BPO, Excel, Coding"
MAF Group - Lead Data Analyst - Snowflake/Azure Data Factory (3-8 yrs),MAF Group,2-5 Yrs,2,5,3.6-13.3L/yr,360000.0,1330000.0,Bangalore / Bengaluru,30,hirist,5.0,1,Data Analyst
Senior Business Analyst (2-5 yrs),Zyoin group,2-5 Yrs,2,5,3.6-13.3L/yr,360000.0,1330000.0,Bangalore / Bengaluru,27,hirist,4.0,1,"Business Analyst, Data Analyst, Data Visualization"
IT Training Center,Excel PTP,4-9 Yrs,4,9,3.6-13.3L/yr,360000.0,1330000.0,Ahmedabad,1095,Naukri,5.0,2,"Market research, Email marketing, Social media"
Data Visualization (Microsoft Power BI),Wim Plast,2-3 Yrs,2,3,3.6-13.3L/yr,360000.0,1330000.0,Mumbai,730,Naukri,3.7,36,"Data collection, power bi, Data Analyst"
Data Analyst (Microsoft Power BI),Wim Plast,3-7 Yrs,3,7,3.6-13.3L/yr,360000.0,1330000.0,Mumbai,330,Naukri,3.7,36,"microsoft, power bi, Data Analyst"
Data Analyst Intern,Wadhwani AI,0-1 Yrs,0,1,3.6-13.3L/yr,360000.0,1330000.0,Mumbai,60,Naukri,3.1,18,"Healthcare, Analytical, Data management"
Aezion - Senior Data Architect - Data Modeling (8-20 yrs),Aezion.Inc,8-20 Yrs,8,20,3.6-13.3L/yr,360000.0,1330000.0,"Bangalore / Bengaluru, Mysuru / Mysore, Coimbatore",30,hirist,5.0,1,"Data Architect, Data Modeling, SQL"
Senior Data Analyst,Ajackus Consulting,4-9 Yrs,4,9,3.6-13.3L/yr,360000.0,1330000.0,India,28,Naukri,4.0,1,"Google Data Studio, Power Bi, MySQL"
Data Analyst,Airvin Skills,2-5 Yrs,2,5,3.6-13.3L/yr,360000.0,1330000.0,Bangalore / Bengaluru,22,Naukri,2.2,5,Data Analyst
Data Science Engineer - Machine Learning/NLP (5-10 yrs),Consulting Pandits,5-10 Yrs,5,10,3.6-13.3L/yr,360000.0,1330000.0,Pune,60,hirist,5.0,2,"Data Science, Data Scientist, Machine Learning"
Data Analyst,Nurturing Green Retail Pvt. Ltd,4-9 Yrs,4,9,3.6-13.3L/yr,360000.0,1330000.0,Noida,365,Naukri,3.8,25,"Macros, Data mining, Data collection"
Data Analyst,Cointab,1-3 Yrs,1,3,3.6-13.3L/yr,360000.0,1330000.0,"Mumbai, Maldah / Malda",365,Naukri,4.1,14,C
MIS & Data Analysts,Innovative IT Initiatives,3-8 Yrs,3,8,3.6-13.3L/yr,360000.0,1330000.0,Mohali,365,Naukri,3.6,30,"MIS, MS Access, Monitoring"
Staff Business and Data Analyst - Power BI Developer,Service Now Planet,2-6 Yrs,2,6,3.6-13.3L/yr,360000.0,1330000.0,Hyderabad / Secunderabad,30,Naukri,5.0,1,"SQL, Agile, Scrum"
Data Analyst,Eagle Forgings,0-1 Yrs,0,1,1.2-2.0L/yr,125000.0,200000.0,Noida,30,Naukri,2.5,6,Digital Marketing
Haleon - Data Analyst (4-8 yrs),Haleon,4-8 Yrs,4,8,3.6-13.3L/yr,360000.0,1330000.0,Gurgaon / Gurugram,60,iimjobs,3.5,68,"Analytics, Data Analytics, Consulting - Healthcare"
Data Analyst,InOpen Technologies,1-3 Yrs,1,3,3.6-13.3L/yr,360000.0,1330000.0,Hyderabad / Secunderabad,25,Naukri,2.9,2,"metadata, python, data analysis"
Oracle HCM Data Analyst,AVTECH Software Services,1-7 Yrs,1,7,3.6-13.3L/yr,360000.0,1330000.0,Remote,60,Naukri,4.5,4,"Data Analyst, Oracle, Data structures"
Lead Data Analyst/Scientist Python Appzlogic,Appzlogic Mobility Solutions Pvt Ltd,6-8 Yrs,6,8,3.6-13.3L/yr,360000.0,1330000.0,Noida,300,Naukri,3.8,26,"lead data analyst, Python, Coding"
Consultant - Data Analyst,RGA,0-1 Yrs,0,1,3.6-13.3L/yr,360000.0,1330000.0,Mumbai,365,Naukri,4.4,8,"Reconciliation, SAS, Underwriting"
Data Analyst,Response Informatics,1-4 Yrs,1,4,3.6-13.3L/yr,360000.0,1330000.0,Hyderabad / Secunderabad,365,Naukri,3.9,19,"SQL, Actuarial, Continuous improvement"
"Data Analyst, Reinsurance Administration",RGA,2-4 Yrs,2,4,3.6-13.3L/yr,360000.0,1330000.0,Mumbai,90,Naukri,4.4,8,"Underwriting, Claims, Actuarial"
Data Analyst,Response Informatics,5-10 Yrs,5,10,3.6-13.3L/yr,360000.0,1330000.0,"Chennai, Pune, New Delhi",90,Naukri,3.9,19,"Microstrategy, data visualization, Data analytics"
Data Analyst - Python/Power BI (1-3 yrs),Info Origin Inc,1-3 Yrs,1,3,3.6-13.3L/yr,360000.0,1330000.0,Bangalore / Bengaluru,90,hirist,4.2,11,"Data Analyst, Data Analytics, Python"
Scrum Master,Appzlogic Mobility Solutions Pvt Ltd,10-20 Yrs,10,20,3.6-13.3L/yr,360000.0,1330000.0,Noida,300,Naukri,3.8,26,"Workflow, Scrum, JIRA"
Senior Data Analyst,RGA,2-4 Yrs,2,4,3.6-13.3L/yr,360000.0,1330000.0,Mumbai,730,Naukri,4.4,8,"Data Management, Finance, Data Quality"
GIS Data Analyst,Carifer Technologies Private Limited,1-3 Yrs,1,3,3.6-13.3L/yr,360000.0,1330000.0,Erode,365,Naukri,4.4,8,"MS Office, Consulting, SAN"
Data Analyst,Intuitive Apps,6-11 Yrs,6,11,3.6-13.3L/yr,360000.0,1330000.0,Gurgaon / Gurugram,240,Naukri,5.0,4,"Data analysis, UML, Cognos"
Senior Business Data Analyst,NthInsight Technologies,3-8 Yrs,3,8,3.6-13.3L/yr,360000.0,1330000.0,Bangalore / Bengaluru,30,Naukri,4.0,1,"Business Data Analyst, Analytics, Usage"
Senior Data Analyst,Paradigm Inc,2-5 Yrs,2,5,3.6-13.3L/yr,360000.0,1330000.0,Remote,30,Naukri,4.0,1,"Clinical research, Pharma, Analytical"
Health Care Data Analyst / BA,Y&L Consulting,8-13 Yrs,8,13,12.0-22.0L/yr,1200000.0,2200000.0,Hyderabad / Secunderabad,30,Naukri,3.9,30,"data analysis, Power BI, SAS"
Data Analyst SAS,Intileo Technologies,8-13 Yrs,8,13,3.6-13.3L/yr,360000.0,1330000.0,"Bangalore / Bengaluru, Kolkata",0,Naukri,3.9,30,"Base SAS, Risk data, Pyspark"
Data Analyst - US MNC (analytics),Aspyra Hr Services,3-8 Yrs,3,8,15.0-30.0L/yr,1500000.0,3000000.0,"Pune, Bangalore / Bengaluru",0,Naukri,3.9,30,"Business Intelligence, hql, Business Analytics"
Data Analyst,Aliqan Services,7-10 Yrs,7,10,22.5-35.0L/yr,2250000.0,3500000.0,"Pune, Mumbai",10,Naukri,3.9,30,"Procurement, Data Loader, Fieldglass"
Data Analyst- Biostatistics- cancer,Odigoshub,8-12 Yrs,8,12,13.0-20.0L/yr,1300000.0,2000000.0,Navi Mumbai,1,Naukri,3.9,30,"Pivot Table, R platform, Data Analytics"
Business Analyst & Data Analyst Data Science Only Freshers Can Apply,Techgimini,0-1 Yrs,0,1,4.8-7.0L/yr,475000.0,700000.0,Pune,1,Naukri,3.9,30,"Crm Systems, ERP, System Analysis"
Data Analyst - Power BI,Gramener IT Services,5-10 Yrs,5,10,3.6-13.3L/yr,360000.0,1330000.0,Hyderabad / Secunderabad,300,Naukri,3.5,6,"SAP, GCP, CMIS"
Data Analyst - Power BI,Gramener IT Services,5-10 Yrs,5,10,3.6-13.3L/yr,360000.0,1330000.0,"Bangalore / Bengaluru, Coimbatore, Hyderabad / Secunderabad",300,Naukri,3.5,6,"Web designing, Web development, Usability testing"
Data Analyst - Power BI,Gramener IT Services,5-9 Yrs,5,9,3.6-13.3L/yr,360000.0,1330000.0,"Bangalore / Bengaluru, Coimbatore, Hyderabad / Secunderabad",300,Naukri,3.5,6,"Application development, MIN"
APIC & DataPower Developer,Gramener IT Services,4-9 Yrs,4,9,3.6-13.3L/yr,360000.0,1330000.0,"Chennai, Hyderabad / Secunderabad",365,Naukri,3.5,6,"Data modeling, Excel, SQL queries"
Data Analyst,iXie Gaming,2-4 Yrs,2,4,3.6-13.3L/yr,360000.0,1330000.0,Hyderabad / Secunderabad,180,Naukri,4.0,14,"SQL, Monitoring, Python"
Data Analyst,iXie Gaming,2-4 Yrs,2,4,3.6-13.3L/yr,360000.0,1330000.0,Hyderabad / Secunderabad,180,Naukri,4.0,14,"Data Analyst, SQL, CRM"
Data Analyst,iXie Gaming,2-7 Yrs,2,7,3.6-13.3L/yr,360000.0,1330000.0,Hyderabad / Secunderabad,180,Naukri,4.0,14,"Data Analyst, SQL, CRM"
Data Analyst - Tableau,iXie Gaming,4-9 Yrs,4,9,3.6-13.3L/yr,360000.0,1330000.0,Chennai,180,Naukri,4.0,14,"SAN, SAS, SOC"
Data Analyst,iXie Gaming,4-9 Yrs,4,9,3.6-13.3L/yr,360000.0,1330000.0,Chennai,150,Naukri,4.0,14,"SQL, CRM, Python"
Data Analyst,iXie Gaming,4-9 Yrs,4,9,3.6-13.3L/yr,360000.0,1330000.0,Bangalore / Bengaluru,180,Naukri,4.0,14,"Data Analyst, CRM, Python"
Data Analyst,iXie Gaming,5-10 Yrs,5,10,3.6-13.3L/yr,360000.0,1330000.0,Hyderabad / Secunderabad,180,Naukri,4.0,14,"Data Analyst, SQL, CRM"
Data Analyst,iXie Gaming,4-9 Yrs,4,9,3.6-13.3L/yr,360000.0,1330000.0,Chennai,180,Naukri,4.0,14,"IT services, Computer science, tableau"
Data Analyst,iXie Gaming,1-3 Yrs,1,3,3.6-13.3L/yr,360000.0,1330000.0,Bangalore / Bengaluru,240,Naukri,4.0,14,"CRM, SAN, SOC"
Data Analyst - R/Python (3-7 yrs),RapidBraiins,3-7 Yrs,3,7,3.6-13.3L/yr,360000.0,1330000.0,Remote,2,hirist,3.9,30,"Data Analyst, Data Analytics, R"
Senior Data Analyst! Salary 60k,Indu Kumari,7-12 Yrs,7,12,3.0-6.5L/yr,300000.0,650000.0,Palwal,2,Naukri,3.9,30,"Google Data Studio, Google Analytics, Google scripts"
Data Analyst (fresher) - magarpatta Pune - immediate joiner,Insight Consultancy Services,2-5 Yrs,2,5,3.6-13.3L/yr,360000.0,1330000.0,Bangalore / Bengaluru,2,Naukri,3.9,30,Data Analyst
Data Analyst,Gamenation,1-5 Yrs,1,5,2.0-4.5L/yr,200000.0,450000.0,Chennai,2,Naukri,1.0,1,"Communication Skills, Data Integrity, Report Development"
Global Compensation Analyst,Jumpcloud,4-5 Yrs,4,5,3.6-13.3L/yr,360000.0,1330000.0,"Pune, New Delhi, Mumbai",30,Naukri,3.6,4,"compensation analyst, HRIS, Data Analyst"
Data Analyst,Shell Infotech,5-10 Yrs,5,10,25.0-27.5L/yr,2500000.0,2750000.0,Bangalore Rural,2,Naukri,3.9,30,"Risk data, Basel, SAS"
People Analytics Data Analyst,MetaforgeIT solutions,4-6 Yrs,4,6,12.0-14.0L/yr,1200000.0,1400000.0,Hyderabad / Secunderabad,2,Naukri,3.9,30,"Analytical Skills, Data Extraction, WorkDay"
Con - Data Analyst ( Python + SQL - must ),Pylon Management Consulting,2-4 Yrs,2,4,3.6-16.1L/yr,360000.0,1610000.0000000002,Bangalore Rural,2,Naukri,3.9,30,"power BI reporting, Excel, tableau reporting"
Data Analyst (Tableau/BI/CRMA),Databricks,4-9 Yrs,4,9,3.6-13.3L/yr,360000.0,1330000.0,Bangalore / Bengaluru,60,Naukri,2.6,11,"SAN, Data analysis, Data modeling"
Data Analyst with an Insurance Company,The Recruiters,1-3 Yrs,1,3,7.0-10.0L/yr,700000.0,1000000.0,Kolkata,2,Naukri,3.9,30,"Power Bi, Data Analysis, Advanced Excel"
Senior Data Analyst,Quation Solutions Pvt Ltd,4-9 Yrs,4,9,3.6-13.3L/yr,360000.0,1330000.0,Chennai,30,Naukri,4.4,2,"SQL, HTML, Business analysis"
Wayfair - Lead Analyst - SQL/Python (4-8 yrs),Wayfair,4-8 Yrs,4,8,3.6-13.3L/yr,360000.0,1330000.0,Bangalore / Bengaluru,60,hirist,4.0,12,"SQL, Hive, Spark"
Data Modeller/Data Analyst (5-12 yrs),VIDPRO CONSULTANCY SERVICES,5-12 Yrs,5,12,3.6-13.3L/yr,360000.0,1330000.0,"Bangalore / Bengaluru, Kolkata, Chennai",3,hirist,3.9,30,"Data Warehousing, Data Modeling, Data Visualization"
Data Analyst/Senior Data Analyst/Data Scientist - Bank (2-8 yrs),Steps,2-8 Yrs,2,8,3.6-13.3L/yr,360000.0,1330000.0,Mumbai,3,iimjobs,3.9,30,"Data Analytics, Analytics, Data Scientist"
Data Integration Analyst - Talend/ETL (2-4 yrs),TalentXo,2-4 Yrs,2,4,3.6-13.3L/yr,360000.0,1330000.0,Bangalore / Bengaluru,60,hirist,2.9,20,"Data Integration, Data Analyst, ETL"
Data Analyst - NBFC (7-15 yrs),The BIG Advantage,7-15 Yrs,7,15,3.6-13.3L/yr,360000.0,1330000.0,Mumbai,3,iimjobs,3.9,30,"Data Analytics, Analytics, Data Science"
Data Analyst || Immediate Joiner,Hiresquad Resources,4-9 Yrs,4,9,4.0-8.5L/yr,400000.0,850000.0,"Chennai, Bangalore / Bengaluru",3,Naukri,3.9,30,"Power Bi, Alteryx, Tableau"
Data Analyst,Xoom Inc,3-6 Yrs,3,6,3.6-13.3L/yr,360000.0,1330000.0,Hyderabad / Secunderabad,3,Naukri,3.9,30,"Computer science, Data analysis, Machine learning"
Data Analyst,BOMBAY PLAY PRIVATE LIMITED,0-3 Yrs,0,3,3.6-13.3L/yr,360000.0,1330000.0,Bangalore / Bengaluru,150,Naukri,4.5,6,C
Marketing Data Analyst,Headspin Technologies Private Limited,2-4 Yrs,2,4,3.6-13.3L/yr,360000.0,1330000.0,Remote,300,Naukri,4.0,12,"Data Analyst, CRM, Data analysis"
Data Analyst,Herijobs,3-5 Yrs,3,5,2.5-3.8L/yr,250000.0,375000.0,Surat,3,Naukri,3.9,30,"Pivot Table, VLOOKUP, Data Analysis"
Data Scientist/ Data Analyst,Keenedge Hr Solutions,8-10 Yrs,8,10,25.0-30.0L/yr,2500000.0,3000000.0,New Delhi,3,Naukri,3.9,30,"Tensorflow, Power Bi, Aws Cloud"
Data Analyst,Hiresquad Resources,4-9 Yrs,4,9,7.0-17.0L/yr,700000.0,1700000.0,"Chennai, Bangalore / Bengaluru",3,Naukri,3.9,30,"Power BI, Tableau, SQL"
Data Analyst - Sales,Enticement Infrastructure,4-8 Yrs,4,8,5.0-8.5L/yr,500000.0,850000.0,Noida,3,Naukri,3.9,30,"Sales Mis, MS Access, MIS"
Tableau Developer - Business Intelligence (3-5 yrs),D Square Consulting Service,3-5 Yrs,3,5,3.6-13.3L/yr,360000.0,1330000.0,"Mumbai, Pune",4,hirist,1.0,1,"Tableau, Qlikview, Power BI"
Tableau Developer - Business Intelligence (3-5 yrs),D Square Consulting Service,3-5 Yrs,3,5,3.6-13.3L/yr,360000.0,1330000.0,"Mumbai, Pune",4,hirist,1.0,1,"Tableau, Qlikview, Power BI"
Data Analyst || Data Scientist,Allegis Global Solutions (india),4-9 Yrs,4,9,0.9-44.0L/yr,90000.0,4400000.0,"Bangalore / Bengaluru, Hyderabad / Secunderabad, Kolkata",4,Naukri,3.9,30,"sas, GCP, Alteryx"
Data Analyst,KR3 Information Systems,5-10 Yrs,5,10,3.6-13.3L/yr,360000.0,1330000.0,Noida,4,Naukri,3.9,30,"Tableau dashboard, SQL Queries, Tableau"
Reliability Data Analyst,PinnacleART,1-6 Yrs,1,6,3.6-13.3L/yr,360000.0,1330000.0,Hyderabad / Secunderabad,4,Naukri,3.9,30,"Mining, Technical writing, Fixed assets"
Big Data Analyst,500 Apps,1-4 Yrs,1,4,6.5-12.0L/yr,650000.0,1200000.0,"Chennai, Pune, Delhi/Ncr",4,Naukri,1.0,1,"Big Data Analytics, Big Data Testing, Big Data"
Data Analyst,Meadowsweet Organics Llp,0-5 Yrs,0,5,5.0-12.0L/yr,500000.0,1200000.0,"Pune, Bangalore / Bengaluru, Hyderabad / Secunderabad",4,Naukri,3.9,30,"Project Management, Data Cleaning and Preparation, Data Management"
Data Analyst - ABS Investment Research,MG GLOBAL,1-3 Yrs,1,3,3.6-13.3L/yr,360000.0,1330000.0,Mumbai,30,Naukri,3.6,4,"Customer service, Auditing, Loans"
Urgent | Data analyst- Goregaon,Topgear Consultants,4-9 Yrs,4,9,4.5-9.5L/yr,450000.0,950000.0,"Thane, Goregaon, Mumbai",4,Naukri,3.9,30,"Data Intelligence, SAS, Power Bi"
Data Analyst,Orion Edutech,2-3 Yrs,2,3,2.0-3.0L/yr,200000.0,300000.0,Kolkata,4,Naukri,3.9,30,"Client Coordination, Data Management, Advanced Excel"
Senior Data Analyst,Vision Unlimited,1-6 Yrs,1,6,3.0-6.0L/yr,300000.0,600000.0,"Mohali, Chandigarh",4,Naukri,3.9,30,"Business Analytics, Data Analysis, Advanced Excel"
Technical Data Analyst,American InfoSource Business Solutions Pvt Ltd,1-3 Yrs,1,3,3.6-13.3L/yr,360000.0,1330000.0,Vadodara,120,Naukri,3.4,47,"Financial services, SQL, Python"
Clinical Data Analyst & Auditing Specialist,ZignaAI,5-10 Yrs,5,10,3.6-13.3L/yr,360000.0,1330000.0,Hyderabad / Secunderabad,270,Naukri,4.8,4,"Clinical Data Analyst, Auditing, Billing"
Medical Data Analyst,ARDEM Data Services Private Limited,1-3 Yrs,1,3,3.6-13.3L/yr,360000.0,1330000.0,Lucknow,300,Naukri,3.3,116,"Data entry, Healthcare, Process improvement"
Data Modelling Developer,Redgrape Business Services,1-3 Yrs,1,3,3.6-13.3L/yr,360000.0,1330000.0,Chennai,365,Naukri,3.8,15,"Data Analyst, Outbound, Telemarketing"
Data Analyst,HEXONICA,3-5 Yrs,3,5,3.6-13.3L/yr,360000.0,1330000.0,Pune,1460,Naukri,4.3,7,"SQL, Troubleshooting, Data modeling"
Data Analyst - Python/SQL Server (2-5 yrs),Huquo,2-5 Yrs,2,5,3.6-13.3L/yr,360000.0,1330000.0,Gurgaon / Gurugram,60,hirist,3.8,14,"SQL Server, Data Analyst, Data Analytics"
Data Analyst Intern,Mylaorganics,0-1 Yrs,0,1,3.6-13.3L/yr,360000.0,1330000.0,Hyderabad / Secunderabad,5,Naukri,3.9,30,"Communication Skills, computer, Spoken English"
Senior Business Analyst/Data Analyst,Live Connections,5-9 Yrs,5,9,3.6-13.3L/yr,360000.0,1330000.0,Hyderabad / Secunderabad,5,Naukri,3.9,30,"Powerpoint, SQL"
Data Analyst,Yuva Hr Services,3-4 Yrs,3,4,5.0-8.0L/yr,500000.0,800000.0,Kolkata,5,Naukri,3.9,30,"SQL Server Analysis Services, SQL Server Development, SQL Server Reporting Services"
R&D Process Data Engineer / Data Analyst (  Female ONLY  @ Oragadam ),Adonis Recruitment Consultants,3-8 Yrs,3,8,8.0-12.0L/yr,800000.0,1200000.0,"Oragadam, Chennai, Sriperumbudur",5,Naukri,3.9,30,"Mathematics, Data Analyst, Statistics"
Assistant Manager (Data Analyst / Corporate Strategy) - Bangalore,Workoid Consultants.,2-7 Yrs,2,7,9.0-11.0L/yr,900000.0,1100000.0,Bangalore / Bengaluru,5,Naukri,3.9,30,"Corporate Strategy, Business Strategy, Business Analyst"
"Data Analytics - Python, SQL  3+ years - Mumbai",Crescendo Global Leadership Hiring India Private L Imited,3-8 Yrs,3,8,3.6-13.3L/yr,360000.0,1330000.0,Mumbai,5,Naukri,3.9,30,"Fintech, Bfsi, DASHBOARDING"
Tariff Analyst - SQL/Python (2-4 yrs),TechTiv Software Solutions,2-4 Yrs,2,4,3.6-13.3L/yr,360000.0,1330000.0,Pune,6,hirist,3.9,30,"Data Analyst, Data Analytics, Macros"
Tableau Developer - Data Visualization (4-6 yrs),TechTiv Software Solutions,4-6 Yrs,4,6,3.6-13.3L/yr,360000.0,1330000.0,"Mumbai, Pune",6,hirist,3.9,30,"Tableau, Data Analyst, Data Analytics"
HR Analytics,LEVARAGE BUSINESS SOLUTIONS,4-8 Yrs,4,8,2.5-48.0L/yr,252000.0,4800000.0,Bangalore / Bengaluru,6,Naukri,3.9,30,"Excel, People Analytics, PowerBI"
Business Data Analyst,Aram Logistics Solutions,3-7 Yrs,3,7,3.6-13.3L/yr,360000.0,1330000.0,Coimbatore,6,Naukri,3.9,30,"Power Bi, SAS, Data Cleansing"
Data Analyst/Processing Specialist,Prakhar Software Solutions,2-5 Yrs,2,5,3.6-13.3L/yr,360000.0,1330000.0,New Delhi,180,Naukri,3.3,54,"Data Analyst, Data analysis, Manager Quality Assurance"
Data Analyst,Prakhar Software Solutions,2-4 Yrs,2,4,3.6-13.3L/yr,360000.0,1330000.0,New Delhi,240,Naukri,3.3,54,"Manager Quality Assurance, Data analysis, Analytical"
"BI Data Analyst, Pan India",Lingaro Group,2-5 Yrs,2,5,3.6-13.3L/yr,360000.0,1330000.0,Remote,730,Naukri,4.2,8,Data Analyst
BA Data Analyst,Ditstek Innovation Pvt. Ltd.,8-10 Yrs,8,10,3.6-13.3L/yr,360000.0,1330000.0,Mohali,6,Naukri,3.9,30,"analytics reporting, Azure, data analysis"
Senior Data Analyst | Celonis | Mumbai | MNC | Direct Payroll |,Innovation Consulting Services,4-7 Yrs,4,7,18.0-22.5L/yr,1800000.0,2250000.0,Mumbai,6,Naukri,3.9,30,"Visualizing, Celonis, Integration"
Assistant Manager (Data Analyst) - Kolkata,Workoid Consultants.,2-7 Yrs,2,7,9.0-11.0L/yr,900000.0,1100000.0,Kolkata,6,Naukri,3.9,30,"Corporate Strategy, Business Strategy, Business Analyst"
Jr. Data Analyst,Allime Tech Solutions,4-6 Yrs,4,6,3.6-13.3L/yr,360000.0,1330000.0,Chennai,6,Naukri,3.9,30,"Performance tuning, Data analysis, metadata"
Data Analyst - US Banking (4-8 yrs),Resourcetree,4-8 Yrs,4,8,3.6-13.3L/yr,360000.0,1330000.0,"Mumbai, Bangalore / Bengaluru, Hyderabad / Secunderabad",7,iimjobs,3.9,30,"Analytics, Data Analytics, Data Management"
Data Analyst - Insurance (2-6 yrs),Serving Skill,2-6 Yrs,2,6,3.6-13.3L/yr,360000.0,1330000.0,Mumbai,7,iimjobs,3.9,30,"Analytics, Data Analytics, Consulting - BFSI"
Senior Data Analyst - Tableau/Power BI (5-7 yrs),TalentXo,5-7 Yrs,5,7,3.6-13.3L/yr,360000.0,1330000.0,"Bangalore / Bengaluru, Hyderabad / Secunderabad",60,hirist,2.9,20,"Data Analyst, SQL, MySQL"
Data Analyst,Xyle,0-1 Yrs,0,1,4.0-4.5L/yr,400000.0,450000.0,Gurgaon / Gurugram,7,Naukri,3.9,30,"Google Sheets, Communication Skills, MS Excel"
BI Data Analyst - AVK,Avk tech solutions,5-10 Yrs,5,10,3.6-13.3L/yr,360000.0,1330000.0,Hyderabad / Secunderabad,120,Naukri,4.7,4,"SQL, Python, Data analysis"
Data Analyst Intern (UnPaid),Saveo,0-1 Yrs,0,1,3.6-13.3L/yr,360000.0,1330000.0,Bangalore / Bengaluru,120,Naukri,3.3,57,"Procurement, Manager Quality Assurance, Supply chain"
Data Analyst,Essenware Private Limted,1-3 Yrs,1,3,3.6-13.3L/yr,360000.0,1330000.0,Bangalore / Bengaluru,240,Naukri,4.7,4,"Data analysis, Statistical analysis, data science"
Lead Data Analyst - Associate Tech Specialist,Essenware Private Limted,2-4 Yrs,2,4,3.6-13.3L/yr,360000.0,1330000.0,Pune,270,Naukri,4.7,4,"Business process, Basic, Statistical analysis"
Data Analyst,Myyogateacher.com,2-2 Yrs,2,2,3.6-13.3L/yr,360000.0,1330000.0,Bangalore / Bengaluru,330,Naukri,4.7,4,"SQL, Javascript, XML"
SQL Data Analyst,Essenware Private Limted,7-12 Yrs,7,12,3.6-13.3L/yr,360000.0,1330000.0,Hyderabad / Secunderabad,365,Naukri,4.7,4,"Data analysis, Payroll, Excel"
Data Analyst,Essenware Private Limted,1-3 Yrs,1,3,3.6-13.3L/yr,360000.0,1330000.0,Hyderabad / Secunderabad,365,Naukri,4.7,4,"Support Analyst, Data Analyst"
Data Analyst,Essenware Private Limted,1-3 Yrs,1,3,3.6-13.3L/yr,360000.0,1330000.0,Mumbai,365,Naukri,4.7,4,"Support Analyst, Data Analyst"
Sr. Data Analyst,Essenware Private Limted,8-9 Yrs,8,9,3.6-13.3L/yr,360000.0,1330000.0,Hyderabad / Secunderabad,365,Naukri,4.7,4,"Performance tuning, Outbound, Data conversion"
Data Analyst,Essenware Private Limted,1-3 Yrs,1,3,3.6-13.3L/yr,360000.0,1330000.0,Hyderabad / Secunderabad,365,Naukri,4.7,4,"Coding, Data modeling, spark"
Data Analyst,CINDREBAY SCHOOL OF FASHION & INTERIOR DESIGN,1-4 Yrs,1,4,3.6-13.3L/yr,360000.0,1330000.0,"Thiruvananthapuram, Lucknow, Indore",730,Naukri,3.8,16,"Data Analytics, Data Analysis, Data Collection Systems"
Data Scientist,Myyogateacher.com,3-3 Yrs,3,3,3.6-13.3L/yr,360000.0,1330000.0,Bangalore / Bengaluru,330,Naukri,4.7,4,"Data Analyst, SAS, Data processing"
Sr. Data Analyst,Essenware Private Limted,2-4 Yrs,2,4,3.6-13.3L/yr,360000.0,1330000.0,Bangalore / Bengaluru,365,Naukri,4.7,4,"automation framework, Telecom, Automation testing"
Data Analyst,Essenware Private Limted,1-3 Yrs,1,3,3.6-13.3L/yr,360000.0,1330000.0,Hyderabad / Secunderabad,365,Naukri,4.7,4,"Coding, Data modeling, spark"
Data Analyst,CINDREBAY SCHOOL OF FASHION & INTERIOR DESIGN,1-4 Yrs,1,4,3.6-13.3L/yr,360000.0,1330000.0,"Thiruvananthapuram, Lucknow, Indore",730,Naukri,3.8,16,"Data Analytics, Data Analysis, Data Collection Systems"
Akaike Technologies - Senior Data Analyst (2-4 yrs),Akaike Technologies,2-4 Yrs,2,4,3.6-13.3L/yr,360000.0,1330000.0,Bangalore / Bengaluru,30,hirist,3.8,3,"Data Analyst, Data Analytics, Product Analyst"
Data Analyst - Business Intelligence (3-5 yrs),hCapital Business Consulting Private Limited,3-5 Yrs,3,5,3.6-13.3L/yr,360000.0,1330000.0,"Mumbai, Bangalore / Bengaluru",60,hirist,3.3,29,"Data Analyst, Data Analytics, Azure"
Data Analyst,Qualtop Solutions,2-3 Yrs,2,3,3.6-13.3L/yr,360000.0,1330000.0,"Faridabad, Delhi/Ncr, Gurgaon / Gurugram",8,Naukri,3.9,30,"Data Transformation, Data Quality, Data Manipulation"
Data Analyst,Qualtop,2-3 Yrs,2,3,3.6-13.3L/yr,360000.0,1330000.0,"Faridabad, Delhi/Ncr, Gurgaon / Gurugram",8,Naukri,3.9,30,"Data Transformation, Data Quality, Data Manipulation"
Data Analyst Employee Benefits Accounting,MG GLOBAL,1-4 Yrs,1,4,3.6-13.3L/yr,360000.0,1330000.0,Mumbai,30,Naukri,3.6,4,"Payroll, Automation, Business transformation"
Hiring For Business Analyst  Consultant _Females Only _ Permanent WFH,Orcapod Consulting Services,5-9 Yrs,5,9,2.0-3.2L/yr,200000.0,325000.0,India,8,Naukri,3.9,30,"business Analyst, Excel Spreadsheets, Google Sheets"
Data Analyst/ Business Analyst - Chemical MNC - Mumbai,Purechase India,5-10 Yrs,5,10,12.0-18.0L/yr,1200000.0,1800000.0,"Mumbai suburbs, Mumbai",9,Naukri,3.9,30,"Data Research, Business Research, Business Analytics"
MIS Manager / DATA Analyst,Job Search,8-12 Yrs,8,12,8.0-12.0L/yr,800000.0,1200000.0,Mumbai,9,Naukri,3.9,30,"Real Estate Management, In4velocity ERP, MIS Operations"
Data Analyst / GCP Engineer,4Bell Technology,2-7 Yrs,2,7,2.0-7.0L/yr,200000.0,700000.0,"Pune, Mumbai",9,Naukri,3.9,30,"T-SQL, Microsoft SSIS, Web API"
Performance/Data Analyst-Listed Solar Energy Industry -Gurgaon,Hcapital,4-9 Yrs,4,9,22.5-25.0L/yr,2250000.0,2500000.0,Gurgaon / Gurugram,9,Naukri,3.9,30,"Performance Evaluation, Data Analysis, Data Analyst"
Data Management Executive; Location - Kinshasa DR Congo,Exponent Jobs,5-10 Yrs,5,10,6.5-8.5L/yr,650000.0,850000.0,Kinshasa,9,Naukri,3.9,30,"Google Data Studio, Google Sheets, MS Excel"
Data Analyst,IDESLABS PRIVATE LIMITED,3-6 Yrs,3,6,3.6-13.3L/yr,360000.0,1330000.0,Hyderabad / Secunderabad,270,Naukri,2.9,11,"data cleansing, Report generation, metadata"
Sr. Data Analyst,IDESLABS PRIVATE LIMITED,8-9 Yrs,8,9,3.6-13.3L/yr,360000.0,1330000.0,Hyderabad / Secunderabad,300,Naukri,2.9,11,"Performance tuning, Outbound, Data conversion"
Data Analyst,EMINENTURE PRIVATE LIMITED,1-4 Yrs,1,4,3.6-13.3L/yr,360000.0,1330000.0,New Delhi,180,Naukri,2.5,22,"Outbound, VBA, VLOOKUP"
Senior Data Analyst,Prevalent AI India Private Limited,4-9 Yrs,4,9,3.6-13.3L/yr,360000.0,1330000.0,Cochin/Ernakulam/Kochi,300,Naukri,3.9,10,"Data analysis, SQL, Data mining"
Senior Data Analyst,sRide Carpool,3-8 Yrs,3,8,3.6-13.3L/yr,360000.0,1330000.0,"Chennai, Pune, New Delhi",730,Naukri,4.0,9,"SQL, HTML, Business intelligence"
Data Analyst,hashtag infosystem,3-6 Yrs,3,6,3.6-13.3L/yr,360000.0,1330000.0,Surat,120,Naukri,3.9,11,"advanced excel, communication skills, power bi"
Medical Data Abstractor,Multi Recruit,3-8 Yrs,3,8,10.0-12.0L/yr,1000000.0,1200000.0,Bangalore / Bengaluru,9,Naukri,3.9,30,"Medical Coding Analyst, Medical Data Analyst, Clinical Data Analyst"
Data Analyst,HTD Careers,2-5 Yrs,2,5,3.2-8.0L/yr,325000.0,800000.0,Bangalore / Bengaluru,9,Naukri,3.9,30,"R, Power Bi, SAS"
Alteryx Developer,Bsri Solutions,4-9 Yrs,4,9,10.0-17.0L/yr,1000000.0,1700000.0,Chennai,9,Naukri,3.9,30,"Data Wrangling, Alteryx, Hadoop"
Data Analyst (Preferably BFSI),Team Recruiters,4-7 Yrs,4,7,8.0-10.0L/yr,800000.0,1000000.0,Navi Mumbai,9,Naukri,3.9,30,"AdWords, Google Analytics, Data Studio"
Walk-in Fresher's For -MIS /Data Analyst/Specialist/Leading IT Client.,Wisdom Bridge Consultants,0-5 Yrs,0,5,3.2-5.0L/yr,325000.0,500000.0,"Bangarapet, Bagepalli, Malur",9,Naukri,3.9,30,"Data Validation, MIS Preparation, Power Bi"
Data Analyst - US MNC (analytics),Aspyra Hr Services,3-8 Yrs,3,8,15.0-30.0L/yr,1500000.0,3000000.0,"Pune, Bangalore / Bengaluru, Hyderabad / Secunderabad",9,Naukri,3.9,30,"Business Intelligence, hql, Business Analytics"
Walk-in Fresher's For -MIS /Data Analyst/Specialist/Leading IT Client.,Wisdom Bridge Consultants,0-5 Yrs,0,5,3.2-5.0L/yr,325000.0,500000.0,"Hosur, Nelamangala, Hosakote",9,Naukri,3.9,30,"Data Validation, MIS Preparation, Power Bi"
Sales Data Analyst/ Business Strategist || Mumbai || Urgent Hiring,Globner Consulting,3-8 Yrs,3,8,7.5-15.0L/yr,750000.0,1500000.0,Mumbai,9,Naukri,3.9,30,"Sales Analysis, Gtm Strategy, Go-to-market Strategy"
Power BI Developer - Data Analytics (3-6 yrs),RapidBraiins,3-6 Yrs,3,6,3.6-13.3L/yr,360000.0,1330000.0,Pune,10,hirist,3.9,30,"Power BI, DAX Power BI, Data Analytics"
Senior Data Analyst (3-5 yrs),Zyoin Group,3-5 Yrs,3,5,3.6-13.3L/yr,360000.0,1330000.0,Bangalore / Bengaluru,30,iimjobs,4.0,1,"Data Analytics, Analytics, SQL"
Email Marketing Executive,Giri Consultancy,1-5 Yrs,1,5,1.0-7.5L/yr,100000.0,750000.0,"Delhi/Ncr, Noida",10,Naukri,3.9,30,"email marketer, lead generation, email marketing executive"
Data Analyst - Manufacturing - Delhi / NCR,Symbiosis Management Consultants,2-7 Yrs,2,7,0.1-60.0L/yr,10000.0,6000000.0,Delhi/Ncr,10,Naukri,3.9,30,"Artificial Intelligence, Data Visualization, Machine Learning"
Data Analyst// Bangalore//Chennai,Hiresquad Resources,4-9 Yrs,4,9,6.0-16.0L/yr,600000.0,1600000.0,"Chennai, Bangalore / Bengaluru",10,Naukri,3.9,30,"Power Bi, Data Analyst, Tableau"
Data Analyst // Portfolio Management // Assets Management Company //,VANGUARD HR ASSOCIATES PRIVATE LIMITED,2-4 Yrs,2,4,3.6-13.3L/yr,360000.0,1330000.0,Mumbai,10,Naukri,3.9,30,"excel, data analysis, liquidity"
Business / Data Analyst,Applied Research Works India Pvt Ltd,3-8 Yrs,3,8,3.6-13.3L/yr,360000.0,1330000.0,Kolkata,365,Naukri,3.4,17,"Project management, Data analysis, Process improvement"
Data Analyst,Travel Centric Technology,2-7 Yrs,2,7,3.6-13.3L/yr,360000.0,1330000.0,Bangalore / Bengaluru,730,Naukri,4.3,2,"Data analysis, SQL, Data collection"
Business Data Analyst,"IQuest Solutions Corp, USA",4-6 Yrs,4,6,3.6-13.3L/yr,360000.0,1330000.0,Hyderabad / Secunderabad,270,Naukri,5.0,3,"tableau, Business Data Analyst, SQL"
Sr. Specialist Data Analyst,"IQuest Solutions Corp, USA",4-6 Yrs,4,6,3.6-13.3L/yr,360000.0,1330000.0,Hyderabad / Secunderabad,270,Naukri,5.0,3,"Computer science, Business objects, Data validation"
Power BI Developer - Business Intelligence (3-7 yrs),ProPMO Services Private Limited,3-7 Yrs,3,7,3.6-13.3L/yr,360000.0,1330000.0,Bangalore / Bengaluru,11,hirist,3.9,30,"Data Visualization, Power BI, Data Analytics"
Data Analyst - Business Intelligence (2-4 yrs),ProPMO Services Private Limited,2-4 Yrs,2,4,3.6-13.3L/yr,360000.0,1330000.0,"Pune, Navi Mumbai, Thane",11,hirist,3.9,30,"Data Analyst, Tableau, Business Intelligence"
Data Scientist / Data Analyst / Statistician,Connecttel,6-10 Yrs,6,10,5.0-40.0L/yr,500000.0,4000000.0,Hyderabad / Secunderabad,11,Naukri,3.9,30,"Six Sigma, Design of Experiments, SPC"
Data Analyst (Web Analytics),Pylon Management Consulting,4-6 Yrs,4,6,1.8-20.0L/yr,180000.0,2000000.0,Bangalore / Bengaluru,11,Naukri,3.9,30,"Google Analytics, Adobe Launch, Data Analysis"
Data Analyst (Male Or Female),Goodwill Management Services,1-2 Yrs,1,2,2.5-3.0L/yr,250000.0,300000.0,Tamil nadu,11,Naukri,3.9,30,"MS Excel, Data analysis, data analytics"
Data Analyst,Hiresquad Resources,3-8 Yrs,3,8,5.0-15.0L/yr,500000.0,1500000.0,"Chennai, Bangalore / Bengaluru",11,Naukri,3.9,30,"Power Bi, Tableau, SQL"
"Data Analyst - Python, PySpark",Careernet Technologies,6-11 Yrs,6,11,0.2-11.5L/yr,20500.0,1150000.0,"Pune, Bangalore / Bengaluru",11,Naukri,3.9,30,"Pyspark, Python, SQL"
Data Analyst - Advance Excel,Mahasurya Ventures And Co.,3-6 Yrs,3,6,4.0-6.0L/yr,400000.0,600000.0,Pune,11,Naukri,3.9,30,"Data Management, Data Analysis, MIS and Insights"
Data Analyst,coursefinder.ai,2-5 Yrs,2,5,3.6-13.3L/yr,360000.0,1330000.0,Nagpur,30,Naukri,2.5,2,"Analytical skills, Report generation, Data analysis"
Data Analyst - Power BI/Tableau (2-3 yrs),Gama Advisory Services LLP,2-3 Yrs,2,3,3.6-13.3L/yr,360000.0,1330000.0,Remote,12,hirist,3.9,30,"Data Analyst, Data Analytics, Power BI"
Lead Data Analyst - US MNC (analytics),Aspyra Hr Services,5-10 Yrs,5,10,20.0-35.0L/yr,2000000.0,3500000.0,Bangalore / Bengaluru,12,Naukri,3.9,30,"Business Intelligence, hql, Business Analytics"
Data Analyst - US MNC (analytics),Aspyra Hr Services,3-8 Yrs,3,8,15.0-30.0L/yr,1500000.0,3000000.0,Bangalore / Bengaluru,12,Naukri,3.9,30,"Business Intelligence, hql, Business Analytics"
Lead Insight Data Analyst ( Tableau + SQL+ Python ): 5+ Yrs: Delhi/NCR,Rectus Talent,5-10 Yrs,5,10,0.4-55.0L/yr,35000.0,5500000.0,Delhi/Ncr,12,Naukri,3.9,30,"Data Transformation, Data Manipulation, Data Analysis"
GIS - Geographical Information System,Unnati Digital Solutions,3-8 Yrs,3,8,3.6-13.3L/yr,360000.0,1330000.0,"Navi Mumbai, Thane, Mumbai",12,Naukri,3.9,30,"Gis operation, Gis mapping, Gis data analyst"
Data Analyst Executive (EHS)- Gurugram (Haryana),Corporate Destination,3-5 Yrs,3,5,3.0-5.0L/yr,300000.0,500000.0,Gurgaon / Gurugram,12,Naukri,3.9,30,"Environment Health Safety, Report Preparation, Data Analysis"
Data Analyst,Myrsa Technology Solutions,1-4 Yrs,1,4,3.6-13.3L/yr,360000.0,1330000.0,Thane,1095,Naukri,3.3,20,"Computer science, Prototype, Analytical"
Data Analyst - Portfolio Management/Acquisition (Credit Risk),Outsized South Africa (pty) Ltd,6-10 Yrs,6,10,2.0-42.0L/yr,200000.0,4200000.0,Mumbai,12,Naukri,3.9,30,"Portfolio Management, SAS, Hadoop"
Snowflake Engineer,Vishanz Business Services,7-12 Yrs,7,12,14.4-30.0L/yr,1440000.0,3000000.0,"Chennai, Pune, Bangalore / Bengaluru",12,Naukri,3.9,30,"Airflow, S3, To extract"
Data Analyst Trainer,Techskills Institute,5-10 Yrs,5,10,3.6-13.3L/yr,360000.0,1330000.0,Sydney,12,Naukri,3.9,30,"Power Bi, Tableau, Data Analytics"
BI/Data Analyst - Power BI/Qlikview (2-5 yrs),ProPMO Services Private Limited,2-5 Yrs,2,5,3.6-13.3L/yr,360000.0,1330000.0,"Bangalore / Bengaluru, Chennai, Gurgaon / Gurugram",13,hirist,3.9,30,"Business Intelligence, Data Analyst, Data Analytics"
Data Scientist - Python/Big Data (3-8 yrs),"Georgia IT, Inc.",3-8 Yrs,3,8,3.6-13.3L/yr,360000.0,1330000.0,Remote,13,hirist,3.9,30,"Data Scientist, Data Analyst, Data Analytics"
HR Data Analyst - NBFC,B2N Management Consulting (p) Ltd,5-8 Yrs,5,8,8.0-12.0L/yr,800000.0,1200000.0,Chennai,13,Naukri,3.9,30,"MS Excel, Power Bi, Tableau Reporting"
Data Analyst or MIS Executive,Persolkelly India,3-7 Yrs,3,7,0.6-0.8L/yr,60000.0,80000.0,Gurgaon / Gurugram,13,Naukri,3.9,30,"Tableau, Dashboards, Data Analytics"
Data Analyst,Vision India Services,2-4 Yrs,2,4,5.0-7.0L/yr,500000.0,700000.0,Gurgaon / Gurugram,13,Naukri,3.9,30,"Report Generation, Power Bi, Collaboration"
Data Analyst,Owfis Jobpe Technologies,1-3 Yrs,1,3,7.0-9.0L/yr,700000.0,900000.0,"Chennai, Pune, Delhi/Ncr",13,Naukri,1.0,1,"Data Quality, Data Enrichment, Data Manipulation"
Data Analyst - IT Service Based - Chennai/Bangalore,GenNext India Private Limited,2-6 Yrs,2,6,10.0-16.0L/yr,1000000.0,1600000.0,"Chennai, Bangalore Rural",13,Naukri,3.9,30,"Develop, Implementing, Data Analytics"
Senior Database Engineer - SQL Server,Arkoz,5-8 Yrs,5,8,3.6-13.3L/yr,360000.0,1330000.0,Chennai,13,Naukri,3.9,30,"Snowflake SnowPro, NoSQL, PostgreSQL"
Data Analyst,Marketscope,5-10 Yrs,5,10,2.0-28.0L/yr,200000.0,2800000.0,Bangalore / Bengaluru,13,Naukri,3.9,30,"python, project management, data analysis"
Data Manager,Manpowergroup Services India,10-12 Yrs,10,12,13.9-100.0L/yr,1390000.0,10000000.0,Pune,13,Naukri,3.9,30,"excel, data cleansing, tableau"
Data Cleansing Analyst,Manpowergroup Services India,6-8 Yrs,6,8,4.0-8.0L/yr,400000.0,800000.0,Pune,13,Naukri,3.9,30,"SAP BO, excel, Power Bi"
BPO Openings 4 Ecommerce  Backend Operation CTC  Upto 25k IN Bangalore,Sanctus Hr,1-5 Yrs,1,5,1.6-3.2L/yr,160000.0,320000.0,Bangalore / Bengaluru,13,Naukri,3.9,30,"BPO, Customer Service, Data Analyst"
Data Analyst-Fielding Operations,NAILBITER,0-3 Yrs,0,3,3.6-13.3L/yr,360000.0,1330000.0,Mumbai,270,Naukri,3.4,24,"MS Office, Market research, Data mining"
Senior Data Analyst Fielding Operations,NAILBITER,3-8 Yrs,3,8,3.6-13.3L/yr,360000.0,1330000.0,Mumbai,365,Naukri,3.4,24,"MS Office, Market research, Data Analyst"
Senior Data Analyst Fielding Operations,NAILBITER,3-8 Yrs,3,8,3.6-13.3L/yr,360000.0,1330000.0,Mumbai,365,Naukri,3.4,24,"MS Office, Market research, Data Analyst"
DATA ANALYST,Gemini Exports,2-5 Yrs,2,5,3.6-13.3L/yr,360000.0,1330000.0,Mumbai,730,Naukri,3.6,15,"CRM, Market research, Pharma"
Contract Data Analyst,Enlighta Solutions,2-7 Yrs,2,7,3.6-13.3L/yr,360000.0,1330000.0,Mumbai,1095,Naukri,3.5,13,"Functional testing, Solution Analyst, Compliance management"
Senior Data Analyst - SQL/Python (5-10 yrs),Coeus Multi Services Pvt. Ltd.,5-10 Yrs,5,10,3.6-13.3L/yr,360000.0,1330000.0,"Mumbai, Bangalore / Bengaluru, Hyderabad / Secunderabad",14,hirist,3.9,30,"Python, SQL, Data Analyst"
Senior Data Analyst,XA Group,3-5 Yrs,3,5,3.6-13.3L/yr,360000.0,1330000.0,Remote,365,Naukri,3.4,19,"Python, Performance testing, Data analysis"
Data Analyst Advanced Analytics,Perceptive Analytics,0-3 Yrs,0,3,3.6-13.3L/yr,360000.0,1330000.0,Hyderabad / Secunderabad,730,Naukri,4.0,7,"CRM, SQL, Analytical"
Data Analyst 2,Xoom Inc,2-4 Yrs,2,4,3.6-13.3L/yr,360000.0,1330000.0,"Chennai, Bangalore / Bengaluru",16,Naukri,3.9,30,"Automation, Analytical, Finance"
Senior Data Analyst,Coeusmulti Services,5-10 Yrs,5,10,14.0-24.0L/yr,1400000.0,2400000.0,"Bangalore / Bengaluru, Hyderabad / Secunderabad, Mumbai",16,Naukri,3.9,30,"Visualization, Net Revenue Management, Azure"
BI Data Analyst,sortimat technology pvt. ltd.,3-8 Yrs,3,8,3.6-13.3L/yr,360000.0,1330000.0,Bangalore / Bengaluru,16,Naukri,3.9,30,"Procurement, metadata, Web services"
Data Analyst,wilatons,0-5 Yrs,0,5,3.6-13.3L/yr,360000.0,1330000.0,"Pune, Bangalore / Bengaluru, Hyderabad / Secunderabad",16,Naukri,3.9,30,"Data Science, python, data analysis"
Data Analyst,IT SCIENT,6-10 Yrs,6,10,10.0-20.0L/yr,1000000.0,2000000.0,"Pune, Bangalore / Bengaluru",16,Naukri,3.9,30,"Bigquery, SQL"
Data Analyst,RELIANCE GAMES,2-5 Yrs,2,5,3.6-13.3L/yr,360000.0,1330000.0,Pune,730,Naukri,2.4,16,"Data Analysis, Python, R"
Data Analyst - R/Python (2-5 yrs),Flairdeck Consulting Pvt. Ltd.,2-5 Yrs,2,5,3.6-13.3L/yr,360000.0,1330000.0,Mumbai,17,hirist,3.9,30,"Data Analyst, R, Python"
Senior Data Analyst - Retail (3-6 yrs),Zyoin Group,3-6 Yrs,3,6,3.6-13.3L/yr,360000.0,1330000.0,Bangalore / Bengaluru,30,iimjobs,4.0,1,"Analytics, Statistics, Data Modeling"
Data Scientist/Analyst - Python Programming (2-6 yrs),Prime Infosoft,2-5 Yrs,2,5,3.6-13.3L/yr,360000.0,1330000.0,Bangalore / Bengaluru,30,hirist,5.0,1,Data Analyst
Data Analyst - Customer Service,Human Potential Consultant,8-13 Yrs,8,13,5.1-9.2L/yr,510000.0,920000.0,Mumbai,17,Naukri,3.9,30,"Power Bi, Data Management, Data Analysis"
Data Analyst,Bold Business,3-8 Yrs,3,8,3.6-13.3L/yr,360000.0,1330000.0,Remote,17,Naukri,3.9,30,"Analytical skills, Industry research, Sales"
Data Analyst,GRAVEYTECH CATERING VENTURES PRIVATE LIMITED,1-5 Yrs,1,5,3.6-13.3L/yr,360000.0,1330000.0,"Mumbai, Bangalore / Bengaluru",17,Naukri,3.9,30,"Power BI, NoSQL databases, MySQL"
Manager / AVP - Data Analyst (FATCA),Edge In Asia Recruitment,7-12 Yrs,7,12,3.6-13.3L/yr,360000.0,1330000.0,Bangalore / Bengaluru,17,Naukri,3.9,30,"Financial Services, Power Bi, CRS"
Data Analyst,Pavan Laxmikant Giri,0-5 Yrs,0,5,5.5-12.0L/yr,550000.0,1200000.0,"Pune, Hyderabad / Secunderabad, Mumbai",17,Naukri,3.9,30,"Data Science, Data Mining, Data Extraction"
Data Analyst| 5+ yrs exp| Mumbai,Gryphon Hytech Services,5-9 Yrs,5,9,1.8-26.5L/yr,180000.0,2650000.0,Mumbai,18,Naukri,3.9,30,"Power Bi, Data Analysis, Tableau"
Data Analyst,Outsized South Africa (pty) Ltd,2-5 Yrs,2,5,0.2-14.0L/yr,24000.0,1400000.0,Mumbai,18,Naukri,3.9,30,"Data Science, Excel, Financial Services"
Target - Senior Data Analyst - Data Visualization Tools (5-8 yrs),Hirist.tech,5-8 Yrs,5,8,3.6-13.3L/yr,360000.0,1330000.0,Bangalore / Bengaluru,18,hirist,3.9,30,"Data Analyst, Data Analytics, DOMO Tool"
Manager/AVP/Data Analyst - FATCA (7-15 yrs),Edge In Asia Recruitment Private Limited,7-15 Yrs,7,15,3.6-13.3L/yr,360000.0,1330000.0,Bangalore / Bengaluru,18,iimjobs,3.9,30,"Data Analytics, Analytics, Data Visualization"
Data Analyst,Value Innovation,5-10 Yrs,5,10,10.0-20.0L/yr,1000000.0,2000000.0,Delhi/Ncr,18,Naukri,3.9,30,"SSIS Packages, Maintenance of ETL Jobs, Data Management and Analytics"
Data Analyst Intern,T.E.M.S tech Solutions,2-5 Yrs,2,5,3.6-13.3L/yr,360000.0,1330000.0,Bangalore / Bengaluru,18,Naukri,3.9,30,Data Analyst
Data Analyst,Planet Pci Infotech Ltd.,2-5 Yrs,2,5,5.0-7.0L/yr,500000.0,700000.0,Gurgaon / Gurugram,18,Naukri,3.9,30,"Statistical Modeling, Data Analytics, Python"
Senior Data Analyst,Xoom Inc,4-6 Yrs,4,6,3.6-13.3L/yr,360000.0,1330000.0,"Chennai, Bangalore / Bengaluru",18,Naukri,3.9,30,"Analytical, Finance, Senior Data Analyst"
Data Analyst - Urgent Opening (Immediate To 15 days joiners only),Value Innovation,5-8 Yrs,5,8,0.1-13.3L/yr,10000.0,1330000.0,"Delhi/Ncr, Gurgaon / Gurugram, Noida",18,Naukri,3.9,30,"Data models, ETL, SSIS"
Data Analysts / HTML Editor,Ace Soft Export,0-4 Yrs,0,4,3.6-13.3L/yr,360000.0,1330000.0,Rajkot,330,Naukri,3.8,8,"HTML, XML, Adobe Acrobat"
Platform Data Analyst,Saltmine,2-4 Yrs,2,4,3.6-13.3L/yr,360000.0,1330000.0,Bangalore / Bengaluru,120,Naukri,4.7,3,"Data Analyst, Outsourcing, Procurement"
Product Research & Data Analyst,Russell Investments Pvt Ltd,2-3 Yrs,2,3,3.6-13.3L/yr,360000.0,1330000.0,Mumbai,120,Naukri,4.7,3,"Asset management, Analytical, Excel"
Lead Data Analyst,Saltmine,4-7 Yrs,4,7,3.6-13.3L/yr,360000.0,1330000.0,Bangalore / Bengaluru,240,Naukri,4.7,3,"Analytics, Procurement, Data processing"
Data Analysts / HTML Editor,Ace Soft Export,0-4 Yrs,0,4,3.6-13.3L/yr,360000.0,1330000.0,Rajkot,330,Naukri,3.8,8,"HTML, XML, Adobe Acrobat"
Data Analyst (ETL Tools),Alpha Analytics Services Pvt Ltd,2-4 Yrs,2,4,3.0-4.3L/yr,300000.0,430000.0,Pune,1460,Naukri,5.0,1,"Data Analyst, SQL, Informatica"
Analyst Open End Coding,Alpha Analytics Services Pvt Ltd,4-9 Yrs,4,9,3.6-13.3L/yr,360000.0,1330000.0,Pune,1460,Naukri,5.0,1,"Coding, Data Analyst, Analytics"
Data Reporting Analyst - Tableau/Alteryx - financial Data,Mastermind Network,4-7 Yrs,4,7,3.6-13.3L/yr,360000.0,1330000.0,Gurgaon / Gurugram,18,Naukri,3.9,30,"Data Manipulation, Portfolio Analysis, Data Analysis"
Data Reporting Analyst - Portfolio Management,Mastermind Network,4-7 Yrs,4,7,3.6-13.3L/yr,360000.0,1330000.0,Gurgaon / Gurugram,18,Naukri,3.9,30,"Data Manipulation, Portfolio Analysis, Data Analysis"
Requirement For Senior Data Analyst in Jaipur,Shadow Placements,5-10 Yrs,5,10,8.0-15.0L/yr,800000.0,1500000.0,"Gurgaon / Gurugram, Noida, Jaipur",19,Naukri,3.9,30,"Business Intelligence, Data Mining, Data Extraction"
Data Analyst - Business Intelligence,Allegis Group,4-8 Yrs,4,8,3.6-13.3L/yr,360000.0,1330000.0,Bangalore Rural,19,Naukri,3.9,30,"Data Analysis, Tableau, Data Analytics"
Returnee programs -Senior Financial Data Analyst(Moody's),Somani Technologies,1-3 Yrs,1,3,3.6-13.3L/yr,360000.0,1330000.0,Bangalore / Bengaluru,19,Naukri,3.9,30,"Credit Analysis, Financial data analyst, Financial Analysis"
Data Analyst,Abhramu Tech Solutions,2-4 Yrs,2,4,3.8-5.0L/yr,375000.0,500000.0,Chennai,19,Naukri,3.9,30,"Data Validation, Power Bi, Data Management"
Business / Data Analyst,ElectricPe,5-7 Yrs,5,7,3.6-13.3L/yr,360000.0,1330000.0,Bangalore / Bengaluru,270,Naukri,3.1,27,"SQL, Python, Business intelligence"
Senior Data Analyst,Adventus.io,3-5 Yrs,3,5,3.6-13.3L/yr,360000.0,1330000.0,Pune,300,Naukri,3.3,18,"SQL, Stakeholder management, Data Analyst"
Data Analyst,Adventus.io,2-4 Yrs,2,4,3.6-13.3L/yr,360000.0,1330000.0,Pune,365,Naukri,3.3,18,"Analytics, SQL, Automation"
Data Analyst,Wadhwani AI,2-5 Yrs,2,5,3.6-13.3L/yr,360000.0,1330000.0,Mumbai,365,Naukri,3.1,18,"SQL, Javascript, XML"
DATA ANALYST,Zero Gravity photography,3-8 Yrs,3,8,3.6-13.3L/yr,360000.0,1330000.0,Chennai,365,Naukri,3.4,15,"Data analysis, Business reporting, Data Analyst"
Data Analyst Associate,ZOBELLO,1-2 Yrs,1,2,3.6-13.3L/yr,360000.0,1330000.0,New Delhi,2190,Naukri,5.0,2,"Tools, Data analysis, Data mining"
Data Analyst Associate,ZOBELLO,1-2 Yrs,1,2,3.6-13.3L/yr,360000.0,1330000.0,New Delhi,2920,Naukri,5.0,2,"data analysis, data mining, adobe"
Data Analyst Associate,ZOBELLO,1-6 Yrs,1,6,3.6-13.3L/yr,360000.0,1330000.0,"New Delhi, New Delhi",2920,Naukri,5.0,2,"adobe, spss, microsoft excel"
Shell - Data Scientist - Data Modeling & Analytics (3-7 yrs),Hirist.tech,3-7 Yrs,3,7,3.6-13.3L/yr,360000.0,1330000.0,Bangalore / Bengaluru,20,hirist,3.9,30,"AWS, Data Modeling, Data Science"
Target - Senior Data Scientist - Supply Chain Domain (4-8 yrs),Hirist.tech,4-8 Yrs,4,8,3.6-13.3L/yr,360000.0,1330000.0,Bangalore / Bengaluru,20,hirist,3.9,30,"Data Science, Data Scientist, Python"
Sr. Data Analyst,Instatalent Recruit Llp,12-21 Yrs,12,21,3.6-13.3L/yr,360000.0,1330000.0,Gurgaon / Gurugram,20,Naukri,3.9,30,"Power Bi, Data Analysis, Data Visualization"
Data Management - Data Analyst-IT I,Varite,3-6 Yrs,3,6,6.5-10.0L/yr,650000.0,1000000.0,Bangalore / Bengaluru,20,Naukri,3.9,30,"Technical services, Data management, SQL database"
CW Data Analyst III,Varite,0-8 Yrs,0,8,3.6-13.3L/yr,360000.0,1330000.0,Bangalore / Bengaluru,20,Naukri,3.9,30,"Operations research, Email marketing, Staffing"
Data Analyst,Xoom Inc,0-2 Yrs,0,2,3.6-13.3L/yr,360000.0,1330000.0,"Chennai, Bangalore / Bengaluru",20,Naukri,3.9,30,"Data analysis, Analytical, Manager Technology"
Business Analyst & Data Analyst (Data Science SQL Python),Techgimini,0-1 Yrs,0,1,4.8-7.5L/yr,475000.0,750000.0,Pune,20,Naukri,3.9,30,"Crm Systems, ERP, System Analysis"
"Fresher, Graduate, Recruitment, HR, MBA, Marketing, Communication",Iplace Consultant,0-2 Yrs,0,2,2.0-5.0L/yr,200000.0,500000.0,"Pune, Delhi/Ncr, Mumbai",20,Naukri,3.9,30,"BBA, BPO, Calling"
Data Analyst - US MNC (analytics),Aspyra Hr Services,3-8 Yrs,3,8,15.0-30.0L/yr,1500000.0,3000000.0,"Delhi/Ncr, Gurgaon / Gurugram, Noida",20,Naukri,3.9,30,"Business Intelligence, hql, Business Analytics"
Data Analyst,Evify,4-6 Yrs,4,6,3.6-13.3L/yr,360000.0,1330000.0,Surat,120,Naukri,4.3,4,"sql, python, r"
Data Analyst,P. S International HR Consultants,0-4 Yrs,0,4,3.6-13.3L/yr,360000.0,1330000.0,Mumbai,365,Naukri,4.6,3,"SQL, Networking, Automation"
Sr. Data Analyst,Bobble App,2-7 Yrs,2,7,3.6-13.3L/yr,360000.0,1330000.0,"Bangalore / Bengaluru, Gurgaon / Gurugram",1460,Naukri,3.5,11,"Data analysis, SQL, Analytical"
Data Analyst | Lower Parel,Transformatrix Global,2-7 Yrs,2,7,15.0-20.0L/yr,1500000.0,2000000.0,Mumbai,22,Naukri,3.9,30,"Power Bi, Data Analysis, Big Data"
Data Analyst,Rocket Fast Recruiter,10-20 Yrs,10,20,90.0-225.0L/yr,9000000.0,22500000.0,Canada,22,Naukri,3.9,30,"Data Transformation, Data Enrichment, Data Wrangling"
Email Marketing Executive,Giri Consultancy,1-5 Yrs,1,5,1.0-7.5L/yr,100000.0,750000.0,"Noida, New Delhi",22,Naukri,3.9,30,"email marketer, Email Marketing, bulk mailer"
Data Analyst | Mumbai,Hindco Recruitment Consultants,4-9 Yrs,4,9,0.1-38.8L/yr,13000.0,3885000.0,"Navi Mumbai, Thane, Mumbai",22,Naukri,3.9,30,"Data Transformation, Matplotlib, Data Research"
Data Analyst,Bsharp Sales Enablers,1-3 Yrs,1,3,3.6-13.3L/yr,360000.0,1330000.0,Bangalore / Bengaluru,365,Naukri,3.8,6,"User management, Data Analyst, Usage"
Frontend Data Analyst,Ultimez Technology Pvt Ltd,10-15 Yrs,10,15,3.6-13.3L/yr,360000.0,1330000.0,Remote,365,Naukri,3.6,8,"Javascript, Web development, Agile"
Senior Data Analyst - Retail/FMCG (3-6 yrs),Zyoin Group,3-6 Yrs,3,6,3.6-13.3L/yr,360000.0,1330000.0,Bangalore / Bengaluru,30,iimjobs,4.0,1,"Data Analytics, Analytics, Data Modeling"
Lead Data Analyst - Pricing & Revenue Management (7-10 yrs),CxSearch Global Partners,7-10 Yrs,7,10,3.6-13.3L/yr,360000.0,1330000.0,"Mumbai, Bangalore / Bengaluru",23,iimjobs,3.9,30,"Analytics, Data Analytics, Python"
Lead - Data Analyst - Global Logistics Industry (7-11 yrs),Cxsearch Global Partners,7-11 Yrs,7,11,3.6-13.3L/yr,360000.0,1330000.0,Bangalore / Bengaluru,23,iimjobs,3.9,30,"Analytics, Data Analytics, SQL"
Data Analyst_ MNC Bank_ Bengaluru,Novel Financial Solutions,3-8 Yrs,3,8,10.0-20.0L/yr,1000000.0,2000000.0,"Chennai, Bangalore / Bengaluru",23,Naukri,3.9,30,"Control Testing Automation, SAS, Shell Scripting"
Data Analyst,Jobs Desk,2-5 Yrs,2,5,3.0-4.0L/yr,300000.0,400000.0,New Delhi,23,Naukri,3.9,30,Advanced Excel
Data Analyst,Comaea Consulting,3-8 Yrs,3,8,10.0-12.0L/yr,1000000.0,1200000.0,Mumbai,23,Naukri,3.9,30,"Business Intelligence, Power Bi, Tableau"
Data Analyst - Python & Pyspark,D2N SOLUTIONS,3-4 Yrs,3,4,0.2-27.0L/yr,20000.0,2700000.0,New Delhi,23,Naukri,3.9,30,"HR Generalist, HRBP, Data Analyst"
Data Analyst - Python & Pyspark,D2N SOLUTIONS,5-10 Yrs,5,10,3.6-13.3L/yr,360000.0,1330000.0,Bangalore Rural,23,Naukri,3.9,30,"Pyspark, Java, Scala"
Data Analyst - Python & Pyspark,D2N SOLUTIONS,5-10 Yrs,5,10,3.6-13.3L/yr,360000.0,1330000.0,Hyderabad / Secunderabad,23,Naukri,3.9,30,"Pyspark, Java, Scala"
Sr. Data Analyst,Rudra Research And Analytics Llp,5-6 Yrs,5,6,6.0-6.5L/yr,600000.0,650000.0,Pune,23,Naukri,3.9,30,"Data Validation, Pivot Table, Power Bi"
Data Analyst - Python & Pyspark,D2N SOLUTIONS,5-10 Yrs,5,10,3.6-13.3L/yr,360000.0,1330000.0,Pune,23,Naukri,3.9,30,"Pyspark, Java, Scala"
DATA Analyst/ Python Scripting/ Pyspark & SQL,D2N SOLUTIONS,6-11 Yrs,6,11,3.6-13.3L/yr,360000.0,1330000.0,Bangalore Rural,23,Naukri,3.9,30,"Pyspark, Cloud, Bi Tools"
Data Analyst - Python & Pyspark,D2N SOLUTIONS,5-10 Yrs,5,10,3.6-13.3L/yr,360000.0,1330000.0,Bangalore Rural,23,Naukri,3.9,30,"Pyspark, Scala, Data Analysis"
Data Analyst - Python & Pyspark,D2N SOLUTIONS,5-10 Yrs,5,10,3.6-13.3L/yr,360000.0,1330000.0,Hyderabad / Secunderabad,23,Naukri,3.9,30,"Pyspark, Java, Scala"
Data  Analyst - Python Scripting / PySpark & SQL,D2N SOLUTIONS,6-11 Yrs,6,11,3.0-12.1L/yr,295000.0,1210000.0,Pune,23,Naukri,3.9,30,"DWH, Power BI, Python Scripting"
Data Analyst - OWS,D2N SOLUTIONS,5-9 Yrs,5,9,2.2-15.0L/yr,220000.00000000003,1500000.0,Pune,23,Naukri,3.9,30,"Screening, EDQ, Oracle Watch"
Sr Data Analyst- SQL,ARA Resources,5-10 Yrs,5,10,12.0-20.0L/yr,1200000.0,2000000.0,Bangalore / Bengaluru,23,Naukri,3.9,30,"QC, Data Analysis, SQL Queries"
Business Analytics,Symbiosis Management Consultants,8-13 Yrs,8,13,3.6-13.3L/yr,360000.0,1330000.0,Mumbai,23,Naukri,3.9,30,"AZURE, MACHINE LEARNING, CLOUD"
MIS / Data Analyst,Kmspl Services,3-8 Yrs,3,8,4.0-4.8L/yr,400000.0,475000.0,Bhubaneshwar,23,Naukri,3.9,30,"MIS, MIS Operations, Data Management"
Data Analyst,Ducker Worldwide Management Consulting Pvt. Ltd,1-3 Yrs,1,3,3.6-13.3L/yr,360000.0,1330000.0,Bangalore / Bengaluru,60,Naukri,3.9,5,"Consulting, Market research, Analytics"
Data Analyst - Azure (5-9 yrs),Talent join,2-5 Yrs,2,5,3.6-13.3L/yr,360000.0,1330000.0,Bangalore / Bengaluru,24,hirist,3.9,30,Data Analyst
Looking For Data Analyst (Qualtrics & SAP SuccessFactors),CDI Solutions,3-5 Yrs,3,5,1.2-37.0L/yr,125000.0,3700000.0,Bangalore / Bengaluru,24,Naukri,3.9,30,"Excel, business intelligence platforms, Power BI"
Data analyst,iProPal (ALLPS),1-3 Yrs,1,3,3.6-13.3L/yr,360000.0,1330000.0,Remote,24,Naukri,3.9,30,"Data analytics, Data Analyst, Internship"
Data Analyst,HealthSy,1-3 Yrs,1,3,3.6-13.3L/yr,360000.0,1330000.0,Coimbatore,24,Naukri,3.9,30,"Backend, Data analysis, Data management"
Sr. Data Analysts,EGO FLOORING PVT. LTD.,2-6 Yrs,2,6,3.6-13.3L/yr,360000.0,1330000.0,India,1460,Naukri,3.3,12,"Consulting, Industry research, Management"
"Sr. Data Analysts,",NAVEDAS TECHNOLOGY SOLUTIONS PRIVATE LIMITED,1-6 Yrs,1,6,3.6-13.3L/yr,360000.0,1330000.0,"Chennai, Pune, New Delhi",1460,Naukri,3.8,6,"Consulting, Recruitment, Industry research"
Need JD Edwards Financial Data Analyst (for 3 year contract),Rankskills Knowledge International,6-11 Yrs,6,11,3.6-13.3L/yr,360000.0,1330000.0,"Doha, Qatar",24,Naukri,3.9,30,"Visualization, Financial Reporting, Financial Analytics"
Business Analyst  In Bpo,Subhadra Jobs Consultancy,6-11 Yrs,6,11,4.0-9.0L/yr,400000.0,900000.0,Bangalore Rural,24,Naukri,3.9,30,"Excel, Business Analytics, Data Manipulation"
Data Analyst/Senior Data Analyst - Denodo Platform (3-8 yrs),HeadPro Consulting LLP,3-8 Yrs,3,8,3.6-13.3L/yr,360000.0,1330000.0,Bangalore / Bengaluru,60,hirist,3.9,30,"Data Analyst, Data Visualization, Data Governance"
Data Analyst,Randstad,1-5 Yrs,1,5,0.1-37.0L/yr,9400.0,3700000.0,"Mumbai suburbs, Mumbai, Mumbai",25,Naukri,3.9,30,"Excel, Google Suite, Data Analysis"
Senior Executive - Data Analyst,HDI outsourcing Services Private Limited,6-8 Yrs,6,8,4.0-6.0L/yr,400000.0,600000.0,Faridabad,25,Naukri,3.9,30,"Excel, Data Analysis, MS Office"
Sr. Azure Data Analyst,Fusemachines,3-7 Yrs,3,7,3.6-13.3L/yr,360000.0,1330000.0,Pune,60,Naukri,5.0,1,"SQL, MySQL, Project management"
Data analyst trainer,Merida Tech Minds (opc),1-6 Yrs,1,6,1.0-1.5L/yr,100000.0,150000.0,Bangalore / Bengaluru,25,Naukri,3.9,30,"Data Analysis, Teaching skills"
Data Analyst professionals are required,Saino Koyo Consulting,5-10 Yrs,5,10,20.0-32.5L/yr,2000000.0,3250000.0,Hyderabad / Secunderabad,25,Naukri,3.9,30,"Analytical Skills, Excellent Communication In English, Data Analysis"
Big Data Engineer - AWS Platform (5-10 yrs),TCCS,5-10 Yrs,5,10,3.6-13.3L/yr,360000.0,1330000.0,"Bangalore / Bengaluru, Gurgaon / Gurugram",30,hirist,1.8,10,"Big Data, AWS, Data Warehousing"
Urgent Hiring For Digital Marketing Analyst with a Product based MNC,Peoplefy Infosolutions,4-9 Yrs,4,9,3.6-13.3L/yr,360000.0,1330000.0,Pune,25,Naukri,3.9,30,"Powerbi, Digital Marketing Analyst, Data Analyst"
Business Analyst,Nexpro247,0-5 Yrs,0,5,3.6-13.3L/yr,360000.0,1330000.0,"Chennai, Pune, Mumbai",25,Naukri,3.9,30,"automation framework, python, analytical"
Data Analyst,Indian Internet Solutions,1-3 Yrs,1,3,3.6-13.3L/yr,360000.0,1330000.0,Aurangabad,30,Naukri,2.8,4,Data Analyst
G.M (Sales & Marketing),Damden Properties,10-15 Yrs,10,15,3.6-13.3L/yr,360000.0,1330000.0,Bangalore / Bengaluru,2190,Naukri,5.0,2,"Customer service, Client servicing, Report generation"
Senior Data Analyst - AWS,Expedite Technology Solutions LLC,2-4 Yrs,2,4,3.6-13.3L/yr,360000.0,1330000.0,Bangalore / Bengaluru,270,Naukri,5.0,2,"Senior Data Analyst, AWS, Data analysis"
Data Analyst,NIG SOFTWARE SOLUTION,3-8 Yrs,3,8,3.6-13.3L/yr,360000.0,1330000.0,Salem,150,Naukri,5.0,2,"Troubleshooting, Data analysis, Consulting"
Informatica Data Analyst - Data Quality (6-10 yrs),RapidBraiins,6-10 Yrs,6,10,3.6-13.3L/yr,360000.0,1330000.0,Bangalore / Bengaluru,26,hirist,3.9,30,"Data Quality, Informatica, Data Analyst"
Manager - Data Analyst - MR Firm (7-9 yrs),iTaap,7-9 Yrs,7,9,3.6-13.3L/yr,360000.0,1330000.0,"Mumbai, Gurgaon / Gurugram",60,iimjobs,5.0,1,"Analytics, Data Analytics, Data Management"
Data Analyst - TSI,BP INCORPORATE INTERNATIONAL.,1-3 Yrs,1,3,3.6-13.3L/yr,360000.0,1330000.0,Pune,26,Naukri,3.9,30,"SAP, Manager Quality Assurance, Maximo"
Data Analyst - (For Warehouse OPs) at Andher East.,Job Search,2-7 Yrs,2,7,0.2-1.4L/yr,16000.0,145000.0,Mumbai,26,Naukri,3.9,30,"Sales Dashboard, Power Bi, Coding"
Online Data Analyst-ETL,Resource Infrastructure Management India,6-8 Yrs,6,8,8.0-12.0L/yr,800000.0,1200000.0,Bangalore / Bengaluru,26,Naukri,3.9,30,"Azure, API, ETL"
Data Analyst,Collabera Technologies,5-10 Yrs,5,10,2.0-28.0L/yr,200000.0,2800000.0,Bangalore / Bengaluru,26,Naukri,3.9,30,"SQL Queries, Informatica, Data Warehousing"
Warehouse Operations & Data Analysis-MNC into Supply Chain,Nexus Manpower Solutions,3-8 Yrs,3,8,6.5-8.0L/yr,650000.0,800000.0,Bangalore / Bengaluru,26,Naukri,3.9,30,"data analysis, supply chain, hub operations"
Data Analyst,Fedelty Healthcare Pvt Ltd,0-2 Yrs,0,2,1.0-2.2L/yr,100000.0,225000.0,Mumbai,26,Naukri,3.9,30,"Analytical Skills, Data Mining, Data Cleansing"
Data Analyst,Sea and Beyond,1-4 Yrs,1,4,3.6-13.3L/yr,360000.0,1330000.0,Mumbai,26,Naukri,3.9,30,"Data analysis, tableau, Maritime"
Azure Data Analyst,Ascendion Engineering,4-7 Yrs,4,7,0.3-9.5L/yr,30000.0,950000.0,"Chennai, Pune, Bangalore / Bengaluru",26,Naukri,3.9,30,"azure cost management, Azure, data analysis"
Senior Data Analyst - Reporting & Visualization (5-8 yrs),Seikor,5-8 Yrs,5,8,3.6-13.3L/yr,360000.0,1330000.0,Hyderabad / Secunderabad,27,hirist,3.9,30,"Data Analyst, Data Analytics, Data Visualization"
Software Engineer/Data Analyst - R/Python (4-8 yrs),Cryzdal,4-8 Yrs,4,8,3.6-13.3L/yr,360000.0,1330000.0,Haryana,60,hirist,5.0,1,"Data Analyst, Python, R"
Convosight - Senior Data Analyst - Power BI/Tableau (5-7 yrs),Convosight,5-7 Yrs,5,7,3.6-13.3L/yr,360000.0,1330000.0,"Mumbai, Bangalore / Bengaluru, Gurgaon / Gurugram",60,hirist,2.7,19,"Data Analyst, Data Analytics, Power BI"
Data Analyst - Apparel Industry@Noida,Talentzq,3-6 Yrs,3,6,8.0-9.5L/yr,800000.0,950000.0,Noida,27,Naukri,3.9,30,"Retail Analytics, Power Bi, Data Visualization"
HR Data Analyst,Peoplefy Infosolutions,6-11 Yrs,6,11,3.6-13.3L/yr,360000.0,1330000.0,Navi Mumbai,27,Naukri,3.9,30,"Excel, Power Bi, Data Analysis"
GBS Material Master Data Analyst (MDM),Smith & Nephew,5-10 Yrs,5,10,3.6-13.3L/yr,360000.0,1330000.0,Pune,27,Naukri,3.9,30,"Equity, SAP, Informatica"
Data Analyst,Transformatrix Global,5-10 Yrs,5,10,5.0-10.0L/yr,500000.0,1000000.0,Bangalore Rural,27,Naukri,3.9,30,"Data Science, Data Mining, Data Analytics"
Data Analyst,The IT Mind,5-10 Yrs,5,10,3.6-13.3L/yr,360000.0,1330000.0,Chennai,270,Naukri,3.1,10,"SQL, Agile, Scrum"
Data Analyst,Nurture Software Solutions Pvt Ltd,3-6 Yrs,3,6,3.6-13.3L/yr,360000.0,1330000.0,Bangalore / Bengaluru,365,Naukri,1.7,34,"Manager Quality Control, Analytical, Operations"
Business Analyst/ Data Analyst,Aptus Data Labs,2-7 Yrs,2,7,3.6-13.3L/yr,360000.0,1330000.0,Bangalore / Bengaluru,365,Naukri,2.7,4,"CRM, SQL, SMS"
Data Analyst,Tentacle solutions,8-13 Yrs,8,13,3.6-13.3L/yr,360000.0,1330000.0,Remote,730,Naukri,4.1,3,"Javascript, Jquery, Css"
Data Analyst,Billow People Services,1-3 Yrs,1,3,0.1-45.0L/yr,10000.0,4500000.0,Bangalore / Bengaluru,27,Naukri,3.9,30,"SQL Queries, ETL, Python"
Data Analyst - SQL/Azure (3-6 yrs),GM INFOTECH,3-6 Yrs,3,6,3.6-13.3L/yr,360000.0,1330000.0,"Mumbai, Navi Mumbai",60,hirist,4.4,2,"Data Analyst, SQL, Power BI"
Data Analyst - MIS - Mutual Fund (5-6 yrs),Arin Consultancy Pvt. Ltd.,5-6 Yrs,5,6,3.6-13.3L/yr,360000.0,1330000.0,Mumbai,30,iimjobs,3.0,1,"Analytics, Data Analytics, Consulting - BFSI"
Data Analyst,Valocity,1-4 Yrs,1,4,3.6-13.3L/yr,360000.0,1330000.0,New Delhi,30,Naukri,2.3,6,"Data Analyst, Troubleshooting, Analytics"
Solution Manager - Power BI (7-10 yrs),GM INFOTECH,7-10 Yrs,7,10,3.6-13.3L/yr,360000.0,1330000.0,Pune,60,hirist,4.4,2,"Power BI, Data Analyst, Solution Design"
Data Processing Analyst - Research Operations,Savanta,1-4 Yrs,1,4,3.6-13.3L/yr,360000.0,1330000.0,"New Delhi, Noida",1095,Naukri,3.5,7,"Career development, Data analysis, Diversity and Inclusion"
Senior Qualtrics Data Analyst,Anika Technologies,7-10 Yrs,7,10,3.2-28.0L/yr,324000.0,2800000.0,Bangalore / Bengaluru,29,Naukri,3.9,30,"Data Manipulation, Implementing Data Models, SAP CRM"
Online Data Analyst -ETL,Ontrack Hr Services,6-8 Yrs,6,8,15.0-18.0L/yr,1500000.0,1800000.0,Bangalore / Bengaluru,29,Naukri,3.9,30,"Data Automation, Cloud Platforms, Api Integration"
Data Analyst,SKY Jobs Hr Services,5-10 Yrs,5,10,12.0-22.0L/yr,1200000.0,2200000.0,"Chennai, Pune, Bangalore Rural",29,Naukri,3.9,30,"SAS, Power Bi, ANMF"
Financial Data Analyst || Hybrid || Bangalore,Sunrise Job Consultancy,1-6 Yrs,1,6,1.0-6.0L/yr,100000.0,600000.0,Bangalore / Bengaluru,29,Naukri,3.9,30,"Financial Analysis, Excel, Accounting"
Business Analyst in Data Analytics,Mount Talent Consulting,3-8 Yrs,3,8,5.5-15.0L/yr,550000.0,1500000.0,Chennai,29,Naukri,3.9,30,"Data Modelling, Business Analyst, VBA"
Data Analyst | Forecasting | Power BI | WFH | US MNC | Gurgaon,Impetus Consultants,3-8 Yrs,3,8,4.5-8.5L/yr,450000.0,850000.0,Gurgaon / Gurugram,29,Naukri,3.9,30,"Data Science, Power BI, Capacity Planning"
Data Analyst - US MNC (analytics),Aspyra Hr Services,3-8 Yrs,3,8,15.0-30.0L/yr,1500000.0,3000000.0,"Bangalore / Bengaluru, Hyderabad / Secunderabad",29,Naukri,3.9,30,"Business Intelligence, hql, Business Analytics"
Data Analyst,ELEVATE Global,1-3 Yrs,1,3,3.6-13.3L/yr,360000.0,1330000.0,Bangalore / Bengaluru,60,Naukri,4.2,3,"Consulting, Market research, Analytics"
Senior IT Data Analyst - Data Visualization Tools (3-15 yrs),Dotflick Solutions,3-15 Yrs,3,15,3.6-13.3L/yr,360000.0,1330000.0,"Guwahati, Orrisa, Patiala",30,hirist,3.9,30,"Big Data, Data Analyst, Data Analytics"
Lead Data Analyst (Managing Database)_Immediate_Bangalore_WFO,HR Central,4-6 Yrs,4,6,5.0-35.0L/yr,500000.0,3500000.0,Bangalore / Bengaluru,30,Naukri,3.9,30,"Data Validation, Data Compilation, Database Management"
Urgent hiring For Data Analyst  in leading MNC (Third party payroll),Altezzasys,6-11 Yrs,6,11,0.2-36.0L/yr,15000.0,3600000.0,"Chennai, Pune",30,Naukri,3.9,30,"Kubeflow, AWS Lambdas, Amazon Redshift"
ASSISTANT DATA ANALYST,Aditya Pharmacy,0-2 Yrs,0,2,3.6-13.3L/yr,360000.0,1330000.0,Hyderabad / Secunderabad,730,Naukri,3.5,7,Data Analyst
SupplyChain Consultant(techno function)(Supply Chan Data Analyst) WFH,INTELLI SEARCH,3-8 Yrs,3,8,8.0-18.0L/yr,800000.0,1800000.0,Bangalore / Bengaluru,30,Naukri,3.9,30,"delivery, confluence, Ecommerce"
Quantitative Analyst/ Data Analyst,Randstad,1-6 Yrs,1,6,3.6-13.3L/yr,360000.0,1330000.0,Ahmedabad,30,Naukri,3.9,30,"Statistics, Python"
Data Analyst,Dynpro,2-5 Yrs,2,5,2.0-5.5L/yr,200000.0,550000.0,Hyderabad / Secunderabad,30,Naukri,3.9,30,"Data Analysis, Data Cleansing, Advanced Excel"
BIU Manager- ATM _ Bank,V Konnect,5-10 Yrs,5,10,12.0-17.0L/yr,1200000.0,1700000.0,Mumbai,30,Naukri,3.9,30,"Business Intelligence, predictive modelling, portfolio"
HR Data Analyst/Analytics,Peoplefy Infosolutions,7-12 Yrs,7,12,3.6-13.3L/yr,360000.0,1330000.0,Navi Mumbai,30,Naukri,3.9,30,"Excel, Data Management, Data Analysis"
Data Analyst/Managers-2074,Live Connections,2-7 Yrs,2,7,7.0-9.0L/yr,700000.0,900000.0,Chennai,30,Naukri,3.9,30,"Unica Campaign, Power Bi, Data Mining"
SR.Engineer-Data Analyst/ Dx Consultant,Alliance Placement Solutions,5-6 Yrs,5,6,5.5-7.0L/yr,550000.0,700000.0,Bawal,30,Naukri,3.9,30,"Business Analyst, system design, Data Analyst"
Data Analytic | Fresher | Business Analytics,Creative Hands HR,2-5 Yrs,2,5,2.5-6.0L/yr,250000.0,600000.0,"Chennai, Bangalore / Bengaluru, Hyderabad / Secunderabad",30,Naukri,3.9,30,"excel, Business Research, freshers"
Data Analyst - Looker Studio Expert,Jay Consulting,2-7 Yrs,2,7,3.0-7.0L/yr,300000.0,700000.0,Jaipur,30,Naukri,3.9,30,"Google Data Studio, Power Bi, Excel Dashboards"
Data Analyst,Access Partners,4-7 Yrs,4,7,0.1-60.0L/yr,13000.0,6000000.0,India,30,Naukri,3.9,30,"Data Analytics, MIS Reporting"
Data Analyst,Supplymint,1-3 Yrs,1,3,3.6-13.3L/yr,360000.0,1330000.0,Gurgaon / Gurugram,30,Naukri,3.9,30,Data Analyst
We Are Hiring Full stack Python Developer ( Business & Data Analyst),Coriolis Tech,0-1 Yrs,0,1,4.2-7.0L/yr,425000.0,700000.0,Pune,30,Naukri,3.9,30,c
Lead Analyst - Market Insights - Diversity Role,Flexability Hr Solutions,7-12 Yrs,7,12,15.0-27.5L/yr,1500000.0,2750000.0,Pune,30,Naukri,3.9,30,"market Analyst, Power Bi, market insight"
Data Analyst,Mits Solution,5-10 Yrs,5,10,20.0-25.0L/yr,2000000.0,2500000.0,Bangalore Rural,30,Naukri,3.9,30,"Power Bi, Snowflake, ETL"
Data Analyst,Material Depot,2-5 Yrs,2,5,3.6-13.3L/yr,360000.0,1330000.0,Bangalore / Bengaluru,270,Naukri,3.7,5,"Manager Quality Assurance, Troubleshooting, Data mining"
Software Developer,Scientiaarc Solutions Ltd,1-5 Yrs,1,5,3.6-13.3L/yr,360000.0,1330000.0,Kanyakumari,240,Naukri,4.7,2,"cloud architect, big data analyst, Simulink"
Sr. Data Analyst,GForce Consulting Solutions,3-7 Yrs,3,7,3.6-13.3L/yr,360000.0,1330000.0,Gurgaon / Gurugram,365,Naukri,4.2,3,"SQL, Python, Business intelligence"
Healthcare Data Analyst,Tech Rakers,6-9 Yrs,6,9,15.0-17.0L/yr,1500000.0,1700000.0,Hyderabad / Secunderabad,30,Naukri,1.0,2,"data analysis, Power BI, SAS"
Data Analyst- Graph Analytics-Neo4j,Energik InfoSystem,2-6 Yrs,2,6,18.0-25.0L/yr,1800000.0,2500000.0,Noida,30,Naukri,3.9,30,"APOC Library, Neo4J, Cypher"
Data Analyst- Graph Analytics-Neo4j,Energik InfoSystem,2-6 Yrs,2,6,18.0-25.0L/yr,1800000.0,2500000.0,Pune,30,Naukri,3.9,30,"APOC Library, Neo4J, Cypher"
Data Analyst- Graph Analytics-Neo4j,Energik InfoSystem,2-6 Yrs,2,6,18.0-25.0L/yr,1800000.0,2500000.0,Bangalore / Bengaluru,30,Naukri,3.9,30,"APOC Library, Neo4J, Cypher"
Data Analyst- Graph Analytics-Neo4j,Energik InfoSystem,2-6 Yrs,2,6,18.0-25.0L/yr,1800000.0,2500000.0,Gurgaon / Gurugram,30,Naukri,3.9,30,"APOC Library, Neo4J, Cypher"
Data Analyst - US MNC (analytics),Aspyra Hr Services,3-8 Yrs,3,8,15.0-30.0L/yr,1500000.0,3000000.0,"Delhi/Ncr, Gurgaon / Gurugram, Noida",30,Naukri,3.9,30,"Business Intelligence, hql, Business Analytics"
Azure Data Analyst,Ascendion Engineering,4-9 Yrs,4,9,12.0-22.0L/yr,1200000.0,2200000.0,"Chennai, Bangalore / Bengaluru, Hyderabad / Secunderabad",30,Naukri,3.9,30,"Azure, Snowflake, Data Analysis"
Data Analyst with a US Based Product Company-Jaipur,Seventh Contact Hiring Solutions,6-10 Yrs,6,10,3.6-13.3L/yr,360000.0,1330000.0,Jaipur,30,Naukri,3.9,30,"SED, Shell Scripting, AWK"
Sr. Data Analyst - SQL / ETL,People Connection,9-14 Yrs,9,14,3.2-13.0L/yr,320000.0,1300000.0,Mumbai,30,Naukri,3.9,30,"shared services, data analysis, data analytics"
"Fresher, Graduate, Recruitment, HR, MBA, Marketing, Communication",Iplace Consultant,0-2 Yrs,0,2,2.0-5.0L/yr,200000.0,500000.0,"Chennai, Pune, Mumbai",30,Naukri,3.9,30,"BBA, BPO, Calling"
Data Analyst 1,Thoughtgen Analytics,0-2 Yrs,0,2,3.5-5.0L/yr,350000.0,500000.0,Mumbai Suburbs,30,Naukri,3.9,30,"Excel, Power Bi, Tableau"
Data Analyst/Data Tester,Placenet Consultants,4-6 Yrs,4,6,3.6-13.3L/yr,360000.0,1330000.0,Hyderabad / Secunderabad,30,Naukri,3.9,30,"Testing Tools, sparksql, data tester"
Data Analyst,CRE Matrix,0-4 Yrs,0,4,3.6-13.3L/yr,360000.0,1330000.0,Mumbai,60,Naukri,4.6,2,"Data entry, Leasing, CRE"
RBHU Analytics - Data Analyst Trainee - R/Python (0-2 yrs),RBHU ETG Private Limited,0-2 Yrs,0,2,3.6-13.3L/yr,360000.0,1330000.0,Mumbai,60,hirist,2.9,4,"Data Analyst, R, Python"
Data Analyst,Golden Gate Battery,2-6 Yrs,2,6,3.6-13.3L/yr,360000.0,1330000.0,Cochin/Ernakulam/Kochi,30,Naukri,3.9,30,"Data analysis, Malayalam, Python"
Data Analyst,Tyootr,1-3 Yrs,1,3,3.6-13.3L/yr,360000.0,1330000.0,Bangalore / Bengaluru,30,Naukri,3.9,30,"data mining, data cleansing, data analysis"
Data Analyst,Facts N Data,3-6 Yrs,3,6,3.6-13.3L/yr,360000.0,1330000.0,Noida,60,Naukri,5.0,1,"metadata, python, data analysis"
Data Analyst(0 Experience Required),Peroptyx,0-5 Yrs,0,5,3.6-13.3L/yr,360000.0,1330000.0,Delhi/Ncr,30,Naukri,3.9,30,"Data Analysis, Data Analytics, Data Mapping"
Associate Data Analyst,Talentas Technology Private Limited,1-2 Yrs,1,2,3.6-13.3L/yr,360000.0,1330000.0,Hyderabad / Secunderabad,365,Naukri,4.7,2,"Python, Stored procedures, Machine learning"
Data Analyst,Aryavart Institute of Technology,1-3 Yrs,1,3,3.6-13.3L/yr,360000.0,1330000.0,"Kanpur, Supaul, Patna",60,Naukri,5.0,1,"Data analysis, Data mining, Analytical"
Data Analyst - Python/R/SQL (5-7 yrs),sm it services,5-7 Yrs,5,7,3.6-13.3L/yr,360000.0,1330000.0,Thane,30,hirist,3.9,30,"Data Analytics, Data Analyst, Dashboard Design"
Senior Data Analyst - Business Intelligence (3-5 yrs),Insight Advisors Private Limited,3-5 Yrs,3,5,3.6-13.3L/yr,360000.0,1330000.0,"International/Overseas, Saudi arabia",60,hirist,5.0,1,"SQL, Power BI, Python"
BI Data Analyst,sortimat technology pvt. ltd.,2-3 Yrs,2,3,3.6-13.3L/yr,360000.0,1330000.0,Bangalore / Bengaluru,30,Naukri,3.9,30,"PLM, ERP, Technical management"
Data Analyst,ASSA ABLOY Entrance Systems,5-7 Yrs,5,7,3.6-13.3L/yr,360000.0,1330000.0,Chennai,30,Naukri,3.9,30,"python, data analysis, business requirements"
Data Analyst - Python/SQL (2-5 yrs),Whizz HR,2-5 Yrs,2,5,3.6-13.3L/yr,360000.0,1330000.0,Bangalore / Bengaluru,60,hirist,3.3,7,"Data Analyst, Data Analytics, Python"
Human Resources Data Analyst II,Hillenbrand,2-4 Yrs,2,4,3.6-13.3L/yr,360000.0,1330000.0,Coimbatore,150,Naukri,3.7,4,"Analytics, Automation, Continuous improvement"
Senior Data Analyst,Pearlsoft Technology,4-9 Yrs,4,9,3.6-13.3L/yr,360000.0,1330000.0,Chennai,210,Naukri,3.6,5,"Senior Data Analyst, Oracle, SSIS"
Events Data Analyst,Bloomberg UTV,1-2 Yrs,1,2,3.6-13.3L/yr,360000.0,1330000.0,Mumbai,365,Naukri,4.0,3,"Data Analyst, Customer support, Data analysis"
Research Analyst,"MarketJoy, Inc.",2-6 Yrs,2,6,3.6-13.3L/yr,360000.0,1330000.0,Pune,365,Naukri,3.4,6,"Market research, Data analysis, Data mining"
Senior Data Analyst,Luminar Technologies,0-4 Yrs,0,4,3.6-13.3L/yr,360000.0,1330000.0,New Delhi,365,Naukri,4.1,3,"Automotive, Manager Internal Audit, Data Analyst"
Senior Data Analyst,InsightsE,1-2 Yrs,1,2,3.6-13.3L/yr,360000.0,1330000.0,Cochin/Ernakulam/Kochi,1095,Naukri,4.3,2,"Data analysis, SAS, Data Analyst"
Data Analyst - SQL/Python (2-4 yrs),Yo HR Consultancy,2-4 Yrs,2,4,3.6-13.3L/yr,360000.0,1330000.0,Mumbai,60,hirist,5.0,1,"Data Analyst, Data Analytics, SQL"
Data Analyst,Sea and Beyond,1-2 Yrs,1,2,3.6-13.3L/yr,360000.0,1330000.0,"Navi Mumbai, Mumbai",30,Naukri,3.9,30,"Macros, Photoshop, Adobe"
Marketing /CRM Data Analyst,Marrina decisions,2-5 Yrs,2,5,3.6-13.3L/yr,360000.0,1330000.0,Remote,300,Naukri,4.0,3,"CRM, Project management, Analytics"
Data Analyst,Hudson Data,2-5 Yrs,2,5,3.6-13.3L/yr,360000.0,1330000.0,Remote,365,Naukri,3.5,5,"Data Analyst, Business process, Analytical"
Data Analyst,altbalaji,2-5 Yrs,2,5,3.6-13.3L/yr,360000.0,1330000.0,Mumbai,365,Naukri,3.1,9,"Analytics, Javascript, Analytical"
Data scientist / Data Analyst / AI Expert,Innovadors Lab Pvt Ltd,1-2 Yrs,1,2,3.6-13.3L/yr,360000.0,1330000.0,Bhubaneshwar,1095,Naukri,4.0,3,"Testing, Python, Open source"
Lead/Senior Data Analyst - Internet/Online (4-6 yrs),Youth4 Talent Solutions and Services,4-6 Yrs,4,6,3.6-13.3L/yr,360000.0,1330000.0,Bangalore / Bengaluru,30,iimjobs,3.9,30,"Predictive Modeling, Data Modeling, Data Analytics"
Junior Data Analyst,PIPECARE Group,0-2 Yrs,0,2,3.6-13.3L/yr,360000.0,1330000.0,Noida,90,Naukri,3.2,7,"GIS, Petrochemical, Manager Quality Assurance"
DATA ANALYST/ SCIENTIST,Mid Town Software,2-6 Yrs,2,6,3.6-13.3L/yr,360000.0,1330000.0,Mohali,120,Naukri,3.9,3,"SQL, Python, Business analysis"
Senior Data Analyst,ThyssenKrupp Elevator (India) Pvt. Ltd,8-12 Yrs,8,12,3.6-13.3L/yr,360000.0,1330000.0,Thane,150,Naukri,3.0,7,"Data analysis, SQL, Process improvement"
Data Analyst - SQL/Python (3-5 yrs),SILCOSYS Solutions Pvt. Ltd,3-5 Yrs,3,5,3.6-13.3L/yr,360000.0,1330000.0,Hyderabad / Secunderabad,30,hirist,3.9,30,"SQL, Python, Power BI"
Data Analyst - Python (3-5 yrs),K2 Data & Analytics,3-5 Yrs,3,5,3.6-13.3L/yr,360000.0,1330000.0,Hyderabad / Secunderabad,30,hirist,3.9,30,"Data Analyst, Data Analytics, Analytics"
Project Manager - Data Analytics (7-12 yrs),ProPMO Services Private Limited,7-12 Yrs,7,12,3.6-13.3L/yr,360000.0,1330000.0,Pune,30,hirist,3.9,30,"Data Analyst, Data Analytics, IIOT"
Senior/Lead Analyst - R/SQL/Python (8-12 yrs),WIZSTAFFING PRIVATE LIMITED,8-12 Yrs,8,12,3.6-13.3L/yr,360000.0,1330000.0,Bangalore / Bengaluru,30,hirist,1.0,2,"Data Analyst, Data Analytics, R"
FP&A Data Analyst,Poppulo,3-5 Yrs,3,5,3.6-13.3L/yr,360000.0,1330000.0,Bangalore / Bengaluru,30,Naukri,3.9,30,"Troubleshooting, Reconciliation, Analytics"
Financial Data Analyst,Energy Aspects,1-4 Yrs,1,4,3.6-13.3L/yr,360000.0,1330000.0,Kolkata,120,Naukri,3.9,3,"SQL, Data analysis, Monitoring"
Data Analyst - SQL/Python (2-5 yrs),Bizdeed HR Solutions Pvt.Ltd,2-5 Yrs,2,5,3.6-13.3L/yr,360000.0,1330000.0,Mumbai,60,hirist,5.0,1,"Data Analyst, Data Analytics, SQL"
Data Analyst,STEP NEXT,2-4 Yrs,2,4,3.6-13.3L/yr,360000.0,1330000.0,Amod,30,Naukri,3.9,30,"HTML, Automation, Workflow"
Data Analyst,GyanTU,2-7 Yrs,2,7,3.6-13.3L/yr,360000.0,1330000.0,"Chennai, Pune, New Delhi",60,Naukri,5.0,1,"Troubleshooting, Data mining, E-learning"
Senior Data Analyst,BP INCORPORATE INTERNATIONAL.,8-12 Yrs,8,12,3.6-13.3L/yr,360000.0,1330000.0,Pune,30,Naukri,3.9,30,"Performance tuning, Data analysis, SAP FICO"
Senior Data Analyst - Azure (4-6 yrs),estrel.ai,4-6 Yrs,4,6,3.6-13.3L/yr,360000.0,1330000.0,Delhi ncr,30,hirist,3.9,30,"Data Analyst, Azure, Python"
Presales & Solution Architect - Data Analytics (5-8 yrs),estrel.ai,5-8 Yrs,5,8,3.6-13.3L/yr,360000.0,1330000.0,"Delhi ncr, Noida",30,hirist,3.9,30,"Presales, Solution Architect, Data Analyst"
Data Analyst - Power BI (3-5 yrs),estrel.ai,3-5 Yrs,3,5,3.6-13.3L/yr,360000.0,1330000.0,"International/Overseas, Abu Dhabi",30,hirist,3.9,30,"Data Analyst, Power BI, Data Analytics"
Data Analyst,MS Clinical Research (P) Ltd,1-4 Yrs,1,4,3.6-13.3L/yr,360000.0,1330000.0,Bangalore / Bengaluru,90,Naukri,2.7,12,"data mining, data cleansing, data analysis"
Data Analyst,Valasys Media Pvt Ltd,4-9 Yrs,4,9,3.6-13.3L/yr,360000.0,1330000.0,Pune,365,Naukri,2.6,16,"Helpdesk, Data analysis, Data mining"
Dot NET Developer,Oceanfrogs,0-1 Yrs,0,1,3.6-13.3L/yr,360000.0,1330000.0,Remote,730,Naukri,4.2,2,"Data Analyst, Analyst 1, SQL"
Data Analyst Manager,VoiceTree Technologies Pvt Ltd.,8-15 Yrs,8,15,3.6-13.3L/yr,360000.0,1330000.0,Remote,730,Naukri,2.4,27,"Data analysis, Automation, Data collection"
Data Analyst,ALLIANCES GALORE PRIVATE LIMITED,1-3 Yrs,1,3,3.6-13.3L/yr,360000.0,1330000.0,Bangalore / Bengaluru,365,Naukri,2.4,20,Data Analyst
Data Analyst,WorkFusion,2-6 Yrs,2,6,3.6-13.3L/yr,360000.0,1330000.0,Hyderabad / Secunderabad,730,Naukri,2.3,26,"Data collection, Data Analyst, tableau"
Tableau Architect - Reporting Analytics & Dashboard (12-15 yrs),RapidBraiins,12-15 Yrs,12,15,3.6-13.3L/yr,360000.0,1330000.0,"Kolkata, Chennai, Pune",30,hirist,3.9,30,"Tableau, Reporting Analytics, Analytics Dashboards"
Senior Data Analyst,ZAGENO Inc,3-6 Yrs,3,6,3.6-13.3L/yr,360000.0,1330000.0,Bangalore / Bengaluru,30,Naukri,1.0,1,"Analytics, Life sciences, SQL"
Data Analyst,SOCIOMIX / OPR TECHNOLOGIES PVT LTD,0-5 Yrs,0,5,3.6-13.3L/yr,360000.0,1330000.0,New Delhi,30,Naukri,3.9,30,"Data analysis, SQL, data visualization"
Jollee - Data Analyst (1-3 yrs),Bundle O Joy,1-3 Yrs,1,3,3.6-13.3L/yr,360000.0,1330000.0,Gurgaon / Gurugram,30,iimjobs,1.7,2,"Data Analytics, Data Visualization, Statistics"
Data Analyst,Optical arc,5-10 Yrs,5,10,3.6-13.3L/yr,360000.0,1330000.0,Pune,150,Naukri,2.7,9,"SQL, Python, Data modeling"
Clinical Data Analyst,Sitero,1-4 Yrs,1,4,3.6-13.3L/yr,360000.0,1330000.0,Mysuru / Mysore,365,Naukri,1.6,7,"Clinical operations, GCP, Pharma"
Data Quality Business Analyst (2-4 yrs),TERRAGIG LLP,2-4 Yrs,2,4,3.6-13.3L/yr,360000.0,1330000.0,Chennai,30,hirist,3.9,30,"Data Quality, Business Analyst, Data Governance"
Marketing Data Analyst,EASYRECRUE,3-8 Yrs,3,8,3.6-13.3L/yr,360000.0,1330000.0,Hyderabad / Secunderabad,30,Naukri,3.9,30,"CRM, Analytics, Data analysis"
PHP Developer,Oob Smarthome India PVT LTD,0-1 Yrs,0,1,3.6-13.3L/yr,360000.0,1330000.0,Ahmedabad,365,Naukri,2.9,6,C
Data Visualization Analyst - Tableau & Power BI (2-6 yrs),D Square Consulting Service,2-6 Yrs,2,6,3.6-13.3L/yr,360000.0,1330000.0,Bangalore / Bengaluru,30,hirist,1.0,1,"Data Visualization, Data Analyst, Tableau"
HR Data Analyst (3-5 yrs),D Square Consulting Services Pvt Ltd,3-5 Yrs,3,5,3.6-13.3L/yr,360000.0,1330000.0,Bangalore / Bengaluru,30,iimjobs,1.0,1,"Data Analytics, HR Analytics, Analytics"
Data Visualization Analyst - Tableau/Power BI (2-4 yrs),D Square Consulting Services Pvt Ltd,2-4 Yrs,2,4,3.6-13.3L/yr,360000.0,1330000.0,Bangalore / Bengaluru,30,hirist,1.0,1,"Data Visualization, Data Analyst, Tableau"
Data Analyst,Fusemachines,1-3 Yrs,1,3,3.6-13.3L/yr,360000.0,1330000.0,Pune,120,Naukri,5.0,1,"SQL, MySQL, Project management"
PHP Developer,Alphanso Tech,1-6 Yrs,1,6,3.6-13.3L/yr,360000.0,1330000.0,Rajkot,210,Naukri,5.0,1,"PHP, MySQL, Business intelligence"
Senior Data Analyst,One Muthoot,3-5 Yrs,3,5,3.6-13.3L/yr,360000.0,1330000.0,Bangalore / Bengaluru,330,Naukri,5.0,1,Data Analyst
Data Analyst/Content Writer Specialist,Sunderella,2-5 Yrs,2,5,3.6-13.3L/yr,360000.0,1330000.0,Mysuru / Mysore,365,Naukri,5.0,1,"Data analysis, SEO, SEM"
JS Full Stack Engineer,TensorGo Technologies Private Limited,2-7 Yrs,2,7,3.6-13.3L/yr,360000.0,1330000.0,Hyderabad / Secunderabad,1095,Naukri,5.0,1,"HTML, MySQL, Front end"
Data Analyst,Ariprus,3-7 Yrs,3,7,3.6-13.3L/yr,360000.0,1330000.0,Mumbai,1095,Naukri,5.0,1,C
MIS Executive,PURTI POWER SUGAR LIMITED,3-8 Yrs,3,8,3.6-13.3L/yr,360000.0,1330000.0,Kolkata,365,Naukri,5.0,1,"Computer science, MIS reporting, Data analysis"
Lead Data Analyst,Session AI,2-6 Yrs,2,6,3.6-13.3L/yr,360000.0,1330000.0,Mumbai,270,Naukri,5.0,1,"SQL, Open source, Python"
Data Analyst,BharatX,1-2 Yrs,1,2,3.6-13.3L/yr,360000.0,1330000.0,Bangalore / Bengaluru,150,Naukri,5.0,1,"Data analysis, Process improvement, Analytical"
Senior Video Analyst,Innovary Technologies,1-3 Yrs,1,3,3.6-13.3L/yr,360000.0,1330000.0,Bangalore / Bengaluru,1095,Naukri,5.0,1,"Training, Voice process, Data analysis"
Senior Data Analyst - R/Python (6-12 yrs),Resource Tree Global Services,6-12 Yrs,6,12,3.6-13.3L/yr,360000.0,1330000.0,Bangalore / Bengaluru,90,hirist,5.0,1,"Data Analyst, SQL, Data Mining"
Data Analyst,Jar,1-2 Yrs,1,2,11.0-14.0L/yr,1100000.0,1400000.0,Bangalore / Bengaluru,150,Naukri,2.4,13,"Python, Data analysis, Monitoring"
Data Analyst,Pharmahopers Pvt. Ltd.,0-1 Yrs,0,1,3.6-13.3L/yr,360000.0,1330000.0,Chennai,300,Naukri,5.0,1,"Data Analyst, Data entry"
Data Analyst Intern,Jar,0-4 Yrs,0,4,3.6-13.3L/yr,360000.0,1330000.0,Bangalore / Bengaluru,365,Naukri,2.4,13,"Data analysis, Monitoring, Web analytics"
Senior Data Analyst EDP DMA,CloudAngles,4-9 Yrs,4,9,3.6-13.3L/yr,360000.0,1330000.0,Noida,210,Naukri,5.0,1,"CRM, Consulting, Account management"
Data Analyst,Augie Pets India Pvt limited,0-3 Yrs,0,3,3.6-13.3L/yr,360000.0,1330000.0,Bangalore / Bengaluru,365,Naukri,5.0,1,"Market analysis, data visualization, Data collection"
Data Analyst,Xtreme management solutions,1-2 Yrs,1,2,3.6-13.3L/yr,360000.0,1330000.0,Bangalore / Bengaluru,365,Naukri,5.0,1,"Data analysis, SQL, Data processing"
Power BI Developer,atQor,2-5 Yrs,2,5,3.6-13.3L/yr,360000.0,1330000.0,Ahmedabad,90,Naukri,5.0,1,"SQL, SSIS, Data modeling"
Data Analyst,Contechub,1-3 Yrs,1,3,3.6-13.3L/yr,360000.0,1330000.0,Remote,210,Naukri,3.4,3,"Salesforce, Data Analyst, Management"
Senior Data Analyst,OLIVER,5-6 Yrs,5,6,3.6-13.3L/yr,360000.0,1330000.0,Mumbai,60,Naukri,2.0,3,"Usage, digital analytics, CGI"
Data Analyst/Data Scientist (2-8 yrs),Quant Matrix AI Solutions,2-8 Yrs,2,8,3.6-13.3L/yr,360000.0,1330000.0,Mumbai,30,iimjobs,3.9,30,"Data Science, Data Analytics, Data Scientist"
Data Analyst - Construction Business (2-5 yrs),The Grand Group - HR Provider,2-5 Yrs,2,5,3.6-13.3L/yr,360000.0,1330000.0,Delhi ncr,30,iimjobs,3.9,30,"Data Analytics, Analytics, Consulting - Real Estate"
Data Analyst,Nlineaxis IT Solutions,2-5 Yrs,2,5,3.6-13.3L/yr,360000.0,1330000.0,Jaipur,365,Naukri,3.1,4,"Troubleshooting, Data mining, data cleansing"
Data Analyst,Nlineaxis IT Solutions,2-5 Yrs,2,5,3.6-13.3L/yr,360000.0,1330000.0,Jaipur,365,Naukri,3.1,4,"Troubleshooting, Data mining, data cleansing"
Data Analyst,Vixplor Analytics,1-5 Yrs,1,5,3.6-13.3L/yr,360000.0,1330000.0,Kolkata,1460,Naukri,3.3,3,"Computer science, Analytical, Data collection"
Data Analyst (New),Fam,2-4 Yrs,2,4,3.6-13.3L/yr,360000.0,1330000.0,Bangalore / Bengaluru,60,Naukri,3.0,1,"SQL, Python, SAS"
Data Analyst,highlevel,3-5 Yrs,3,5,3.6-13.3L/yr,360000.0,1330000.0,Remote,180,Naukri,3.6,2,"tableau, Report writing, Data Analyst"
Data Analyst,highlevel,3-5 Yrs,3,5,3.6-13.3L/yr,360000.0,1330000.0,Remote,365,Naukri,3.6,2,"Analytics, SQL, Process improvement"
Business Data Analyst (8-15 yrs),Acharyaconsulting Services,8-15 Yrs,8,15,3.6-13.3L/yr,360000.0,1330000.0,Bangalore / Bengaluru,30,hirist,3.9,30,"Data Analyst, Business Analyst, Project Management"
Senior Business Intelligence Developer - Tableau (4-7 yrs),Zyoin group,4-7 Yrs,4,7,3.6-13.3L/yr,360000.0,1330000.0,Bangalore / Bengaluru,60,hirist,4.0,1,"Tableau, Business Intelligence, Data Analytics"
Data Scientist\/Data Analyst,T.E.M.S tech Solutions,2-5 Yrs,2,5,3.6-13.3L/yr,360000.0,1330000.0,Chennai,30,Naukri,3.9,30,"Analytics, SQL, Automation"
Spatial Data Analyst Cross Sector Based Project,GIS Vision India,5-10 Yrs,5,10,3.6-13.3L/yr,360000.0,1330000.0,"Chennai, Pune, New Delhi",30,Naukri,3.9,30,"Data Analyst, Project management, Technical support"
Data Analyst,ZAGENO Inc,2-3 Yrs,2,3,3.6-13.3L/yr,360000.0,1330000.0,Bangalore / Bengaluru,30,Naukri,1.0,1,"Analytics, Data analysis, SQL"
Product Data Analyst,4CRisk.ai,4-9 Yrs,4,9,3.6-13.3L/yr,360000.0,1330000.0,Bangalore / Bengaluru,365,Naukri,2.3,11,"Data analysis, MySQL, Agile"
Sr. Data Analyst,Tesseract Imaging Pvt Ltd,4-6 Yrs,4,6,3.6-13.3L/yr,360000.0,1330000.0,"Navi Mumbai, Mumbai",120,Naukri,2.2,13,"Data analysis, Data management, Analytical"
Data Analyst,Cigna Healthcare,5-7 Yrs,5,7,3.6-13.3L/yr,360000.0,1330000.0,Bangalore / Bengaluru,60,Naukri,2.1,5,"Data Analyst, MIS, Healthcare"
Senior Data Analyst,Tacnique,3-6 Yrs,3,6,3.6-13.3L/yr,360000.0,1330000.0,"Chennai, Pune, New Delhi",60,Naukri,2.0,1,"Analytics, Data analysis, SQL"
Healthcare Data Analyst,ChiSquarelabs,1-4 Yrs,1,4,3.6-13.3L/yr,360000.0,1330000.0,Cochin/Ernakulam/Kochi,90,Naukri,2.7,4,"Administration, Nursing, Business operations"
Data_Analyst,The CAI Store,2-7 Yrs,2,7,3.6-13.3L/yr,360000.0,1330000.0,Mumbai,365,Naukri,3.0,3,"Python, microsoft, MATLAB"
Data Analyst - Business Intelligence (5-10 yrs),ARR Recruitment Solutions,5-10 Yrs,5,10,3.6-13.3L/yr,360000.0,1330000.0,Bangalore / Bengaluru,30,hirist,3.9,30,"Data Analyst, Data Analytics, Business Intelligence"
Data Analyst,Magic Infomedia,0-2 Yrs,0,2,3.6-13.3L/yr,360000.0,1330000.0,New Delhi,30,Naukri,3.9,30,"data mining, data cleansing, data analysis"
Senior Financial Data Analyst - F P & A,Innovya Technologies,5-7 Yrs,5,7,3.6-13.3L/yr,360000.0,1330000.0,Hyderabad / Secunderabad,90,Naukri,2.9,3,"Troubleshooting, Reconciliation, SQL"
Data Analyst,One Impression,1-2 Yrs,1,2,3.6-13.3L/yr,360000.0,1330000.0,Gurgaon / Gurugram,240,Naukri,2.0,14,"Automation, SQL, Python"
Data Analyst - Tableau/Power BI (5-8 yrs),Excellence and Eminence LLP,5-8 Yrs,5,8,3.6-13.3L/yr,360000.0,1330000.0,"Bangalore / Bengaluru, Chennai",30,hirist,3.9,30,"Data Analyst, Power BI, Python"
Senior Data Analyst - Statistical Modeling (5-7 yrs),Chadwick Professional Services Private Limited,5-7 Yrs,5,7,3.6-13.3L/yr,360000.0,1330000.0,Chennai,60,hirist,4.0,1,"Data Analyst, Data Modeling, Data Science"
Data Analyst (2-5 yrs),D Square Consulting Service,2-5 Yrs,2,5,3.6-13.3L/yr,360000.0,1330000.0,Bangalore / Bengaluru,30,hirist,1.0,1,"Data Analyst, Data Analytics, Data Governance"
Data Scientist,Vide Alpha Tech,1-5 Yrs,1,5,3.6-13.3L/yr,360000.0,1330000.0,New Delhi,150,Naukri,4.0,1,C
Senior Data Analyst,Startapp Global,1-4 Yrs,1,4,3.6-13.3L/yr,360000.0,1330000.0,Bangalore / Bengaluru,210,Naukri,4.0,1,"SQL, Analytical, Microstrategy"
Data Analyst,Business Brio,1-2 Yrs,1,2,3.6-13.3L/yr,360000.0,1330000.0,Kolkata,270,Naukri,4.0,1,"MySQL, Python, RDBMS"
Assistant Cum Data Analyst,Institute of Personality Development (IPD),0-6 Yrs,0,6,3.6-13.3L/yr,360000.0,1330000.0,Aurangabad,365,Naukri,3.2,2,"Internship, Digital media, Balance Sheet"
Junior Data Analyst,Times World Information Technology,2-3 Yrs,2,3,3.6-13.3L/yr,360000.0,1330000.0,"Thiruvananthapuram, Calicut/Kozhikode",365,Naukri,3.9,30,"data cleansing, Data analysis, Google Analytics"
DATA ANALYST,Blocklogy Edutech Private Limited,1-3 Yrs,1,3,3.6-13.3L/yr,360000.0,1330000.0,Mumbai,1460,Naukri,3.9,30,"Outbound, E-learning, Content development"
Data Analyst-1,EASYRECRUE,3-6 Yrs,3,6,3.6-13.3L/yr,360000.0,1330000.0,Hyderabad / Secunderabad,30,Naukri,3.9,30,"Backend, Data analysis, Data modeling"
Senior Data Analyst - SQL (4-7 yrs),Magna Hire,4-7 Yrs,4,7,3.6-13.3L/yr,360000.0,1330000.0,Bangalore / Bengaluru,30,hirist,3.9,30,"Data Analyst, Data Analytics, Data Warehousing"
Data Analyst,Advanced Risk Analytics Private Limited,2-6 Yrs,2,6,3.6-13.3L/yr,360000.0,1330000.0,Ahmedabad,2190,Naukri,2.7,3,"CV, Data collection, Environmental science"
Data Analyst - Data Quality & Governance (2-4 yrs),D Square Consulting Services Pvt Ltd,2-4 Yrs,2,4,3.6-13.3L/yr,360000.0,1330000.0,Bangalore / Bengaluru,60,hirist,1.0,1,"Data Analyst, Data Analytics, Data Quality"
Data Analyst - Python (6-8 yrs),Spot Your Leaders And Consulting LLP,6-8 Yrs,6,8,3.6-13.3L/yr,360000.0,1330000.0,Hyderabad / Secunderabad,60,iimjobs,3.9,30,"Data Science, Data Analytics, Python"
Data Analyst,Preferred Square Analytics,2-3 Yrs,2,3,3.6-13.3L/yr,360000.0,1330000.0,Gurgaon / Gurugram,120,Naukri,2.0,8,"power bi, excel, sql queries"
Data Analyst - MIS - BFSI (5-6 yrs),Arin Consultancy Pvt. Ltd.,5-6 Yrs,5,6,3.6-13.3L/yr,360000.0,1330000.0,Mumbai,60,iimjobs,3.0,1,"Data Analytics, Analytics, MIS"
Data Analyst - SQL/ETL (2-4 yrs),D Square Consulting Services Pvt Ltd,2-4 Yrs,2,4,3.6-13.3L/yr,360000.0,1330000.0,Bangalore / Bengaluru,60,hirist,1.0,1,"Data Analyst, Data Analytics, Data Quality"
HR Data Analyst - IT (2-4 yrs),D Square Consulting Services Pvt Ltd,2-4 Yrs,2,4,3.6-13.3L/yr,360000.0,1330000.0,Bangalore / Bengaluru,60,iimjobs,1.0,1,"Data Analytics, HR Analytics, Analytics"
Data Analyst - Online/Internet (1-3 yrs),Meyrahkee Advisors Private Limited,1-3 Yrs,1,3,3.6-13.3L/yr,360000.0,1330000.0,Bangalore / Bengaluru,60,iimjobs,3.9,30,"SQL, Data Analytics, Data Modeling"
Data Analysts,Pratyaksh Medical Care,1-2 Yrs,1,2,3.6-13.3L/yr,360000.0,1330000.0,Noida,60,Naukri,3.9,30,"SPSS, data science, WinCross"
Data Analyst,Rehoboth Academic Services,2-7 Yrs,2,7,3.6-13.3L/yr,360000.0,1330000.0,Bangalore / Bengaluru,1095,Naukri,2.1,5,"MS Office, Content writing, SEM"
Data Analyst,DeetsDigital Pvt. Ltd.,1-4 Yrs,1,4,3.6-13.3L/yr,360000.0,1330000.0,Remote,270,Naukri,2.2,4,"Python, Statistical programming, Programming"
Data Analyst,Recruitment Smart Technologies India Private Limited,4-8 Yrs,4,8,3.6-13.3L/yr,360000.0,1330000.0,Ahmedabad,365,Naukri,1.9,6,"R Programming, power bi, MIS"
Data Analyst,Recruitment Smart Technologies India Private Limited,4-10 Yrs,4,10,3.6-13.3L/yr,360000.0,1330000.0,Ahmedabad,365,Naukri,1.9,6,"Manager Quality Control, MIS, SQL"
Data Scientist - Machine Learning/Predictive Modeling (5-10 yrs),East 57th Street Partners,5-10 Yrs,5,10,3.6-13.3L/yr,360000.0,1330000.0,Bangalore / Bengaluru,60,hirist,3.9,30,"Data Science, Data Scientist, Machine Learning"
Technical Data Analyst,"Vyrian, Inc",5-10 Yrs,5,10,3.6-13.3L/yr,360000.0,1330000.0,Indore,730,Naukri,2.5,2,"Sql, Data Analysis, Python"
IT Vacancy in Delhi- Data Analyst,RIGHT STEP CONSULTING PRIVATE LIMITED,2-6 Yrs,2,6,3.6-13.3L/yr,360000.0,1330000.0,New Delhi,1460,Naukri,3.0,1,"Software services, data visualization, Software"
Data Analyst / Business Analyst,RIGHT STEP CONSULTING PRIVATE LIMITED,2-3 Yrs,2,3,3.6-13.3L/yr,360000.0,1330000.0,Gurgaon / Gurugram,2555,Naukri,3.0,1,"Data Analyst, MS Office, SQL"
Data Analyst,RIGHT STEP CONSULTING PRIVATE LIMITED,2-5 Yrs,2,5,3.6-13.3L/yr,360000.0,1330000.0,Gurgaon/Gurugram,2555,Naukri,3.0,1,"Data Analyst, CRM, ERP"
Back office coordinator(Female),RIGHT STEP CONSULTING PRIVATE LIMITED,1-3 Yrs,1,3,3.6-13.3L/yr,360000.0,1330000.0,Noida,2555,Naukri,3.0,1,"Analytics, Business intelligence, Back Office Coordinator"
IT Vacancy in Delhi- Data Analyst,RIGHT STEP CONSULTING PRIVATE LIMITED,2-6 Yrs,2,6,3.6-13.3L/yr,360000.0,1330000.0,New Delhi,1460,Naukri,3.0,1,"Software services, data visualization, Software"
Data Analyst / Business Analyst,RIGHT STEP CONSULTING PRIVATE LIMITED,2-3 Yrs,2,3,3.6-13.3L/yr,360000.0,1330000.0,Gurgaon / Gurugram,2555,Naukri,3.0,1,"Data Analyst, MS Office, SQL"
Data Analyst,RIGHT STEP CONSULTING PRIVATE LIMITED,2-5 Yrs,2,5,3.6-13.3L/yr,360000.0,1330000.0,Gurgaon/Gurugram,2555,Naukri,3.0,1,"Data Analyst, CRM, ERP"
Back office coordinator(Female),RIGHT STEP CONSULTING PRIVATE LIMITED,1-3 Yrs,1,3,3.6-13.3L/yr,360000.0,1330000.0,Noida,2555,Naukri,3.0,1,"Analytics, Business intelligence, Back Office Coordinator"
SR. Analyst,RIGHT STEP CONSULTING PRIVATE LIMITED,4-6 Yrs,4,6,3.6-13.3L/yr,360000.0,1330000.0,"New Delhi, Gurgaon / Gurugram",2555,Naukri,3.0,1,"Senior Data Analyst, Software services, Hoovers"
Team Leader,RIGHT STEP CONSULTING PRIVATE LIMITED,1-5 Yrs,1,5,3.6-13.3L/yr,360000.0,1330000.0,"New Delhi, Gurgaon/Gurugram",2555,Naukri,3.0,1,"Pharma, Clinical research, Pharmacy"
Digital Analyst - Tag Management System (3-5 yrs),RapidBraiins,3-5 Yrs,3,5,3.6-13.3L/yr,360000.0,1330000.0,"Mumbai, Bangalore / Bengaluru",60,hirist,3.9,30,"Data Analyst, Data Analytics, Google Tag Manager"
Data Analyst,iProPal (ALLPS),1-3 Yrs,1,3,3.6-13.3L/yr,360000.0,1330000.0,"Chennai, Pune, New Delhi",60,Naukri,3.9,30,"Data analysis, Machine learning, Artificial Intelligence"
Data Analyst Intern,TechKnowledgeHub.org,0-3 Yrs,0,3,3.6-13.3L/yr,360000.0,1330000.0,Remote,60,Naukri,3.9,30,"Data analysis, data science, Intern"
Data Analysts / HTML Editor,i-Tech Infonet Pvt Ltd,0-2 Yrs,0,2,3.6-13.3L/yr,360000.0,1330000.0,Rajkot,365,Naukri,1.7,3,"HTML, XML, PDF"
DataSlush - Senior Analytics Implementation Engineer (2-5 yrs),IT Company,2-5 Yrs,2,5,3.6-13.3L/yr,360000.0,1330000.0,Ahmedabad,60,hirist,3.9,30,"Data Analyst, Data Analytics, Reporting Analytics"
Data Analyst - SQL/Python/R (7-9 yrs),Meved Solutions,7-9 Yrs,7,9,3.6-13.3L/yr,360000.0,1330000.0,Bangalore / Bengaluru,60,hirist,1.0,1,"Data Analyst, Data Analytics, SQL"
Data Analyst - Predictive Modeling (3-5 yrs),goZeal,2-5 Yrs,2,5,3.6-13.3L/yr,360000.0,1330000.0,Bangalore / Bengaluru,60,hirist,3.9,30,Data Analyst
Senior Data Analyst,Tacnique,5-10 Yrs,5,10,3.6-13.3L/yr,360000.0,1330000.0,Remote,180,Naukri,2.0,1,"SQL, Javascript, Automation"
60,hirist,2-5 Yrs,2,5,3.6-13.3L/yr,360000.0,1330000.0,Bangalore / Bengaluru,30,Naukri,3.9,30,Data Analyst
DATA ANALYST INTERN,VR Careerz,0-1 Yrs,0,1,3.6-13.3L/yr,360000.0,1330000.0,Chennai,150,Naukri,1.7,2,"Intern, Data analysis, SQL"
DATA ANALYST,VR Careerz,0-1 Yrs,0,1,3.6-13.3L/yr,360000.0,1330000.0,Chennai,150,Naukri,1.7,2,"Data analysis, SQL, SAS"
Data Analyst - Power BI (6-8 yrs),CloudHire,6-8 Yrs,6,8,3.6-13.3L/yr,360000.0,1330000.0,"Bangalore / Bengaluru, Hyderabad / Secunderabad",60,hirist,3.9,30,"Data Analyst, Data Analytics, Data Profiling"
Senior Data Analyst - Analytics Dashboards & Reporting Tools (5-10 yrs),Dashhire,5-10 Yrs,5,10,3.6-13.3L/yr,360000.0,1330000.0,Jaipur,60,hirist,3.9,30,"SQL, Data Analytics, T-SQL"
Business Intelligence Developer - QlikSense & Qlikview (3-5 yrs),r3 Consultant,3-5 Yrs,3,5,3.6-13.3L/yr,360000.0,1330000.0,Bangalore / Bengaluru,60,hirist,3.9,30,"Business Intelligence, QlikSense, Qlikview"
Data Analyst,Suntech Global,3-5 Yrs,3,5,3.6-13.3L/yr,360000.0,1330000.0,"Thrissur/Trichur, Thiruvananthapuram, Calicut/Kozhikode",270,Naukri,1.5,2,"Data analysis, Data mining, Computer science"
Data Analyst,Enmay,1-6 Yrs,1,6,3.6-13.3L/yr,360000.0,1330000.0,Kolkata,365,Naukri,3.9,30,"Data Analyst, Data analysis, Social media"
Power BI Developer - Data Modeling/Business Intelligence (3-5 yrs),Ridgeant Techonologies,2-5 Yrs,2,5,3.6-13.3L/yr,360000.0,1330000.0,Bangalore / Bengaluru,60,hirist,3.9,30,Data Analyst
Senior Data Analyst,MediaMath,8-13 Yrs,8,13,3.6-13.3L/yr,360000.0,1330000.0,Bangalore / Bengaluru,730,Naukri,3.9,30,"Supply chain, Digital media, Data analysis"
Lead Data Analyst,MediaMath,8-13 Yrs,8,13,3.6-13.3L/yr,360000.0,1330000.0,Bangalore / Bengaluru,730,Naukri,3.9,30,"Python, Data Analysis, Predictive Modeling"
"Data Analyst , Product",MediaMath,4-9 Yrs,4,9,3.6-13.3L/yr,360000.0,1330000.0,Bangalore / Bengaluru,730,Naukri,3.9,30,"Python, Data Analysis, Data Science"
Senior Data Analyst,Sanmax Technologies (P) Limited,8-10 Yrs,8,10,3.6-13.3L/yr,360000.0,1330000.0,Jaipur,1460,Naukri,3.9,30,"Oracle, Perl, Db2"
Data Analyst,Smith & Nephew,3-6 Yrs,3,6,3.6-13.3L/yr,360000.0,1330000.0,Pune,90,Naukri,3.9,30,"Automation, Analytical, power bi"
Data Analyst,eninrac consulting,1-4 Yrs,1,4,3.6-13.3L/yr,360000.0,1330000.0,Noida,90,Naukri,3.9,30,"Consulting, Analytical, Renewable energy"
Senior Business Data Analyst,LivePerson,5-7 Yrs,5,7,3.6-13.3L/yr,360000.0,1330000.0,Pune,90,Naukri,3.9,30,"Computer science, Data analysis, Data modeling"
Risk & Data Analyst,ADM,2-3 Yrs,2,3,3.6-13.3L/yr,360000.0,1330000.0,"Chennai, Pune, New Delhi",90,Naukri,3.9,30,"Data Analyst, SAS, Data analysis"
Data Analyst,Highspot,3-5 Yrs,3,5,3.6-13.3L/yr,360000.0,1330000.0,Hyderabad / Secunderabad,90,Naukri,3.9,30,"SQL, Python, Analytics"
Supply Chain Data Analyst,Forever New Clothing Pty Ltd,1-4 Yrs,1,4,3.6-13.3L/yr,360000.0,1330000.0,Gurgaon / Gurugram,90,Naukri,3.9,30,"power bi, etl, data reconciliation"
Sr. Data analyst Tableau,Testlify,3-4 Yrs,3,4,3.6-13.3L/yr,360000.0,1330000.0,Mumbai,90,Naukri,3.9,30,"Data analysis, SQL, Manager Quality Assurance"
Reliability Data Analyst - ANITS,PinnacleART,1-5 Yrs,1,5,3.6-13.3L/yr,360000.0,1330000.0,Hyderabad / Secunderabad,90,Naukri,3.9,30,"Petroleum, Mining, Technical writing"
Reliability Data Analyst - ANITS,PinnacleART,1-5 Yrs,1,5,3.6-13.3L/yr,360000.0,1330000.0,Hyderabad / Secunderabad,90,Naukri,3.9,30,"Petroleum, Mining, Technical writing"
Data Analyst,Demos Project Pvt Ltd.,3-5 Yrs,3,5,3.6-13.3L/yr,360000.0,1330000.0,New Delhi,120,Naukri,3.9,30,"Report generation, Data Analyst"
Business Intelligence Analyst,AspireIQ,3-4 Yrs,3,4,3.6-13.3L/yr,360000.0,1330000.0,"Chennai, Pune, New Delhi",120,Naukri,3.9,30,"Analytical, Business intelligence, Data analysis"
Senior data analyst,BP INCORPORATE INTERNATIONAL.,5-7 Yrs,5,7,3.6-13.3L/yr,360000.0,1330000.0,Pune,150,Naukri,3.9,30,"Data analysis, Data management, data manipulation"
Senior Data Analyst,IIX Global,3-4 Yrs,3,4,3.6-13.3L/yr,360000.0,1330000.0,Remote,150,Naukri,3.9,30,"Data analysis, SQL, Analytical"
Data Analyst / Sr. Data Analyst,CoreInsightsAI,0-8 Yrs,0,8,3.6-13.3L/yr,360000.0,1330000.0,Remote,150,Naukri,3.9,30,"Data analysis, Analytical, Consulting"
Data Analyst,Odetta,1-3 Yrs,1,3,3.6-13.3L/yr,360000.0,1330000.0,Remote,180,Naukri,3.9,30,"Data analysis, Translation, Excel"
Senior BI & Data Analyst Specialist,ArabyAds,4-6 Yrs,4,6,3.6-13.3L/yr,360000.0,1330000.0,Gurgaon / Gurugram,180,Naukri,3.9,30,"Postgresql, Manager Program Management, Strategic planning"
Data Analyst,Grapes IDMR,2-4 Yrs,2,4,3.6-13.3L/yr,360000.0,1330000.0,Thrissur/Trichur,210,Naukri,3.9,30,"SQL, SAS, Process improvement"
Data Analyst,MindTrilogy,1-3 Yrs,1,3,3.6-13.3L/yr,360000.0,1330000.0,New Delhi,210,Naukri,3.9,30,"Analytical, Market analysis, Database administration"
Junior Python Developer,MABZONE IT SOLUTIONS,5-10 Yrs,5,10,3.6-13.3L/yr,360000.0,1330000.0,Mohali,210,Naukri,3.9,30,"HR Executive, SAS, Finance"
Data Analyst / Web Researcher,MyVirtualDesks,0-3 Yrs,0,3,3.6-13.3L/yr,360000.0,1330000.0,Pune,240,Naukri,3.9,30,"Data Analyst, Web technologies, Data analysis"
Jr. Data Analyst (Big Query),Coders Brain Pvt Ltd,1-4 Yrs,1,4,0.1-27.0L/yr,10000.0,2700000.0,New Delhi,240,Naukri,3.9,30,"Data Analyst, Junior Data Analyst, query"
Sr. Data Analyst (Big Query)_Dgliger,Coders Brain Pvt Ltd,2-7 Yrs,2,7,1.6-27.0L/yr,160000.0,2700000.0,New Delhi,240,Naukri,3.9,30,"Data Analyst, Senior Data Analyst, query"
Data Analyst/Architect/Scientist/Engineer,Diverse Lynx,4-10 Yrs,4,10,3.6-13.3L/yr,360000.0,1330000.0,Hyderabad / Secunderabad,240,Naukri,3.9,30,"Data Analyst, Architect"
Data Analyst,Diverse Lynx,1-5 Yrs,1,5,1.0-26.5L/yr,100000.0,2650000.0,Hyderabad / Secunderabad,365,Naukri,3.9,30,"Data Analyst, professional"
Data Analyst,Diverse Lynx,1-5 Yrs,1,5,1.0-17.5L/yr,100000.0,1750000.0,Chennai,365,Naukri,3.9,30,"SQL, MySQL, Python"
Data Analyst,Diverse Lynx,3-6 Yrs,3,6,2.6-16.0L/yr,260000.0,1600000.0,Gurgaon / Gurugram,365,Naukri,3.9,30,"Data Analyst, professional"
Data Analyst,Diverse Lynx,1-5 Yrs,1,5,0.8-17.0L/yr,80000.0,1700000.0,Chennai,365,Naukri,3.9,30,"Data Analyst, professional"
Data Analyst,Diverse Lynx,1-5 Yrs,1,5,1.6-39.5L/yr,165000.0,3950000.0,Bangalore / Bengaluru,365,Naukri,3.9,30,"SAS, Data analysis, Data mining"
Data Analyst,Diverse Lynx,1-5 Yrs,1,5,1.2-21.0L/yr,115000.0,2100000.0,Gurgaon / Gurugram,365,Naukri,3.9,30,"Data Analyst, professional"
Data Analyst,Diverse Lynx,5-7 Yrs,5,7,2.0-30.0L/yr,200000.0,3000000.0,Bangalore / Bengaluru,365,Naukri,3.9,30,"SQL, Python, Senior Data Analyst"
SQL Developer,Diverse Lynx,2-6 Yrs,2,6,3.4-5.0L/yr,340000.0,500000.0,Bangalore / Bengaluru,365,Naukri,3.9,30,"SQL, Data Analyst, query"
Principal Data Analyst,YourDOST,5-7 Yrs,5,7,11.6-13.7L/yr,1160000.0,1370000.0,Bangalore / Bengaluru,365,Naukri,3.9,30,"Data Analyst, Python, Wellness"
Data Analyst,Mantras2Success Consultants,1-6 Yrs,1,6,0.1-11.5L/yr,10000.0,1150000.0,Ahmedabad,365,Naukri,3.9,30,"Outbound, Back office, Customer support"
Microsoft Azure Data Analyst,Coders Brain Pvt Ltd,5-6 Yrs,5,6,1.7-18.7L/yr,168000.0,1870000.0,Chennai,300,Naukri,3.9,30,"Data Analyst, SQL, Project management"
SQL DVELOPER CUM DATA ANALYST,Coders Brain Pvt Ltd,5-8 Yrs,5,8,2.1-22.5L/yr,210000.0,2250000.0,Gurgaon / Gurugram,300,Naukri,3.9,30,"Data Analyst, Data analysis, Business solutions"
Sr Data Analyst,Coders Brain Pvt Ltd,8-15 Yrs,8,15,3.0-38.0L/yr,300000.0,3800000.0,"Chennai, Pune, New Delhi",300,Naukri,3.9,30,"Unix, Remedy, Monitoring"
Data Analyst,Coders Brain Pvt Ltd,4-7 Yrs,4,7,1.6-20.5L/yr,165000.0,2050000.0,Mumbai,300,Naukri,3.9,30,"SQL, Automation, Business intelligence"
Data Analyst,Coders Brain Pvt Ltd,4-6 Yrs,4,6,2.3-23.0L/yr,230000.0,2300000.0,Gurgaon / Gurugram,300,Naukri,3.9,30,"Data Analyst, Data analysis, Business solutions"
Data analyst,Coders Brain Pvt Ltd,2-15 Yrs,2,15,0.1-42.0L/yr,10000.0,4200000.0,Remote,300,Naukri,3.9,30,"Data mining, Business solutions, Data Analyst"
Data analystics,Coders Brain Pvt Ltd,5-10 Yrs,5,10,3.6-13.3L/yr,360000.0,1330000.0,Remote,300,Naukri,3.9,30,"SQL, Python, Business intelligence"
Data analyst,Coders Brain Pvt Ltd,3-6 Yrs,3,6,0.2-96.0L/yr,20000.0,9600000.0,Remote,300,Naukri,3.9,30,"Troubleshooting, Manager Quality Assurance, Data mining"
Data Analyst (Snowflake),Coders Brain Pvt Ltd,6-8 Yrs,6,8,3.0-24.8L/yr,295000.0,2475000.0,Pune,300,Naukri,3.9,30,"SQL, Python, RDBMS"
Data Analyst,Coders Brain Pvt Ltd,4-9 Yrs,4,9,1.6-26.5L/yr,165000.0,2650000.0,Mumbai,300,Naukri,3.9,30,"SAS, Business analytics, SQL"
BI Data Analyst,Coders Brain Pvt Ltd,2-6 Yrs,2,6,2.6-6.5L/yr,256400.0,650000.0,Bangalore / Bengaluru,300,Naukri,3.9,30,"power bi, Oracle, MySQL"
Data Analyst (Executive/ Sr.Executive),Bultaminds Venture,5-10 Yrs,5,10,2.0-13.0L/yr,205000.0,1300000.0,Panaji/Panjim,330,Naukri,3.9,30,"Project management, SQL, MS Office"
Sr . Data Analyst ( Power BI developer ),Highrise solutions,0-4 Yrs,0,4,3.6-13.3L/yr,360000.0,1330000.0,Pune,330,Naukri,3.9,30,"SQL, MySQL, RDBMS"
Senior Data Analyst cum MIS Executive,Oasis Insurance Brokers,2-6 Yrs,2,6,3.6-13.3L/yr,360000.0,1330000.0,Mumbai,365,Naukri,3.9,30,"Market research, Data analysis, Logistics"
Data Analyst,Diverse Lynx,1-5 Yrs,1,5,1.0-26.5L/yr,100000.0,2650000.0,Hyderabad / Secunderabad,365,Naukri,3.9,30,"Data Analyst, professional"
Data Analyst,Diverse Lynx,1-5 Yrs,1,5,1.0-17.5L/yr,100000.0,1750000.0,Chennai,365,Naukri,3.9,30,"SQL, MySQL, Python"
Data Analyst,Diverse Lynx,3-6 Yrs,3,6,2.6-16.0L/yr,260000.0,1600000.0,Gurgaon / Gurugram,365,Naukri,3.9,30,"Data Analyst, professional"
Data Analyst,Diverse Lynx,1-5 Yrs,1,5,0.8-17.0L/yr,80000.0,1700000.0,Chennai,365,Naukri,3.9,30,"Data Analyst, professional"
Data Analyst,Diverse Lynx,1-5 Yrs,1,5,1.6-39.5L/yr,165000.0,3950000.0,Bangalore / Bengaluru,365,Naukri,3.9,30,"SAS, Data analysis, Data mining"
Data Analyst,Diverse Lynx,1-5 Yrs,1,5,1.2-21.0L/yr,115000.0,2100000.0,Gurgaon / Gurugram,365,Naukri,3.9,30,"Data Analyst, professional"
"Data Analyst, Python and SQL",Fusion Plus Solutions Inc,2-5 Yrs,2,5,1.4-26.5L/yr,140000.0,2650000.0,Hyderabad / Secunderabad,365,Naukri,3.9,30,"SQL, Python, Quantitative analysis"
Data Analyst,Fusion Plus Solutions Inc,2-4 Yrs,2,4,1.4-35.0L/yr,140000.0,3500000.0,Hyderabad / Secunderabad,365,Naukri,3.9,30,"Unix, CRM, Data structures"
Data Analyst,Saaki argus averil consulting,3-6 Yrs,3,6,1.1-18.7L/yr,110000.0,1870000.0,Chennai,365,Naukri,3.9,30,"SAS, Consulting, Financial services"
Data Analyst,P.S International HR Consultants,5-10 Yrs,5,10,3.6-13.3L/yr,360000.0,1330000.0,Mumbai,365,Naukri,3.9,30,"SQL, Networking, Automation"
Data Analyst (Credit Risk Analyst),Mantras2Success Consultants,2-3 Yrs,2,3,2.2-9.9L/yr,220000.00000000003,990000.0,Hyderabad / Secunderabad,365,Naukri,3.9,30,"Financial services, BPO, SQL"
Data Analyst,Xpheno,2-5 Yrs,2,5,0.5-96.0L/yr,50000.0,9600000.0,Bangalore / Bengaluru,365,Naukri,3.9,30,"SQL, microsoft, Oracle"
Senior Data Analyst,Xpheno,3-6 Yrs,3,6,1.4-45.0L/yr,140000.0,4500000.0,Bangalore / Bengaluru,365,Naukri,3.9,30,"Analytics, SQL, Data management"
Data Analyst,Xpheno,3-6 Yrs,3,6,1.5-96.0L/yr,150000.0,9600000.0,Bangalore / Bengaluru,365,Naukri,3.9,30,"SQL, Data analysis, Consulting"
Data Analyst,Xpheno,4-8 Yrs,4,8,1.6-22.4L/yr,165000.0,2235000.0,Mumbai,365,Naukri,3.9,30,"SQL, Auditing, Data mining"
Data Analyst,Xpheno,2-4 Yrs,2,4,1.7-32.5L/yr,170000.0,3250000.0,Bangalore / Bengaluru,365,Naukri,3.9,30,"SQL, Data mining, Business operations"
Manager - Recruitment & Data Analyst,Busisol Sourcing India Pvt Ltd,8-10 Yrs,8,10,3.6-13.3L/yr,360000.0,1330000.0,Ballari,365,Naukri,3.9,30,"HR, Payroll, Talent acquisition"
Data Analyst,Countrees Services and Technologies Pvt Ltd,3-6 Yrs,3,6,3.6-13.3L/yr,360000.0,1330000.0,Chennai,365,Naukri,3.9,30,"Commerce, HTML"
Data Analyst,Stalwart Management Consulting,2-6 Yrs,2,6,0.1-96.0L/yr,10000.0,9600000.0,Remote,365,Naukri,3.9,30,"Data entry, Medical coding, Pharma"
Manager - Recruitment  Data Analyst,Busisol Sourcing India Pvt Ltd,8-12 Yrs,8,12,3.6-13.3L/yr,360000.0,1330000.0,Remote,365,Naukri,3.9,30,"Payroll, Talent acquisition, HRIS"
Data Scientist and Analyst,Diverse Lynx,2-6 Yrs,2,6,0.5-30.0L/yr,45600.0,3000000.0,Pune,365,Naukri,3.9,30,"Data Analyst, SQL, Data management"
Data Analyst,Diverse Lynx,1-5 Yrs,1,5,0.1-24.4L/yr,10000.0,2442000.0,Pune,365,Naukri,3.9,30,"MIS, Billing, SQL"
SAS Data Analyst,Diverse Lynx,2-6 Yrs,2,6,3.6-13.3L/yr,360000.0,1330000.0,Bangalore / Bengaluru,365,Naukri,3.9,30,"SQL, Data Analyst, SAS Analyst"
data analyst,Etomate Technology LLP,2-7 Yrs,2,7,3.6-13.3L/yr,360000.0,1330000.0,Bangalore / Bengaluru,365,Naukri,1.0,1,"Data Analyst, Analytics, Macros"
Data Analyst  -  MIS Report,Diverse Lynx,8-10 Yrs,8,10,3.0-18.6L/yr,300000.0,1860000.0,Pune,365,Naukri,3.9,30,"MIS reporting, Data Analyst, Accounting"
Data Analyst,RIGHT STEP CONSULTING PRIVATE LIMITED,0-5 Yrs,0,5,3.6-13.3L/yr,360000.0,1330000.0,"New Delhi, Gurgaon / Gurugram",365,Naukri,3.9,30,"Data Analyst, SQL, PHP"
Associate Data Analyst,HUSYS CONSULTING LIMITED,2-5 Yrs,2,5,2.5-16.0L/yr,250000.0,1600000.0,Hyderabad / Secunderabad,365,Naukri,3.9,30,"Help Desk, Customer Service, data analysis"
Payer Data Analyst,STAR4RALL IT SOLUTIONS PRIVATE LIMITED,3-7 Yrs,3,7,3.6-13.3L/yr,360000.0,1330000.0,"Chennai, Pune, New Delhi",365,Naukri,3.9,30,"Health insurance, Data analysis, Claims"
Data Analyst,Ventures India Consultants,3-5 Yrs,3,5,2.0-21.0L/yr,200000.0,2100000.0,New Delhi,365,Naukri,3.9,30,"Data analysis, SAP, data science"
Data Analyst,Fusion Plus Solutions Inc,2-4 Yrs,2,4,1.4-35.0L/yr,140000.0,3500000.0,Hyderabad / Secunderabad,365,Naukri,3.9,30,"SQL, Python, Data Analyst"
Data Analyst,Fusion Plus Solutions Inc,2-4 Yrs,2,4,1.4-35.0L/yr,140000.0,3500000.0,Hyderabad / Secunderabad,365,Naukri,3.9,30,"SQL, Python, Billing"
Data Analyst,Fusion Plus Solutions Inc,2-4 Yrs,2,4,1.4-35.0L/yr,140000.0,3500000.0,Hyderabad / Secunderabad,365,Naukri,3.9,30,"Architecture, SQL, Python"
Data Analyst,Fusion Plus Solutions Inc,2-4 Yrs,2,4,1.4-35.0L/yr,140000.0,3500000.0,Hyderabad / Secunderabad,365,Naukri,3.9,30,"Healthcare, SQL, XML"
Data Analyst (Deepika),Fusion Plus Solutions Inc,1-4 Yrs,1,4,1.0-35.0L/yr,100000.0,3500000.0,Hyderabad / Secunderabad,365,Naukri,3.9,30,"Healthcare, SQL, XML"
Data analyst,Fusion Plus Solutions Inc,2-4 Yrs,2,4,1.4-35.0L/yr,140000.0,3500000.0,Hyderabad / Secunderabad,365,Naukri,3.9,30,"SQL, Python, Data Analyst"
Data Analyst,Fusion Plus Solutions Inc,2-4 Yrs,2,4,1.4-35.0L/yr,140000.0,3500000.0,Hyderabad / Secunderabad,365,Naukri,3.9,30,"Unix, CRM, Data structures"
"Data Analyst, Python and SQL",Fusion Plus Solutions Inc,2-5 Yrs,2,5,1.4-26.5L/yr,140000.0,2650000.0,Hyderabad / Secunderabad,365,Naukri,3.9,30,"SQL, Python, Quantitative analysis"
Data Analyst,Saaki argus averil consulting,3-6 Yrs,3,6,1.1-18.7L/yr,110000.0,1870000.0,Chennai,365,Naukri,3.9,30,"SAS, Consulting, Financial services"
Content and Community lead,Infinyte Club,5-10 Yrs,5,10,3.6-13.3L/yr,360000.0,1330000.0,Bangalore / Bengaluru,365,Naukri,3.9,30,"SEO, Analytical, Digital marketing"
Data Analyst,TNS holdings,2-3 Yrs,2,3,3.6-13.3L/yr,360000.0,1330000.0,Remote,365,Naukri,3.9,30,"SQL, SAS, Process improvement"
Data Analyst,P.S International HR Consultants,5-10 Yrs,5,10,3.6-13.3L/yr,360000.0,1330000.0,Mumbai,365,Naukri,3.9,30,"SQL, Networking, Automation"
Data Analyst (Credit Risk Analyst),Mantras2Success Consultants,2-3 Yrs,2,3,2.2-9.9L/yr,220000.00000000003,990000.0,Hyderabad / Secunderabad,365,Naukri,3.9,30,"Financial services, BPO, SQL"
Data Analyst,Xpheno,2-5 Yrs,2,5,0.5-96.0L/yr,50000.0,9600000.0,Bangalore / Bengaluru,365,Naukri,3.9,30,"SQL, microsoft, Oracle"
Senior Data Analyst,Xpheno,3-6 Yrs,3,6,1.4-45.0L/yr,140000.0,4500000.0,Bangalore / Bengaluru,365,Naukri,3.9,30,"Analytics, SQL, Data management"
Data Analyst,Xpheno,3-6 Yrs,3,6,1.5-96.0L/yr,150000.0,9600000.0,Bangalore / Bengaluru,365,Naukri,3.9,30,"SQL, Data analysis, Consulting"
Data Analyst,Xpheno,4-8 Yrs,4,8,1.6-22.4L/yr,165000.0,2235000.0,Mumbai,365,Naukri,3.9,30,"SQL, Auditing, Data mining"
Business Data Analyst General Ledger,Diverse Lynx,5-10 Yrs,5,10,3.6-13.3L/yr,360000.0,1330000.0,Mumbai,1460,Naukri,3.9,30,"Reconciliation, SQL, Taxation"
SAS Developer,Diverse Lynx,4-8 Yrs,4,8,5.0-17.0L/yr,500000.0,1700000.0,Bangalore / Bengaluru,1460,Naukri,3.9,30,"SQL, XML, Db2"
Finance / Cost / Data Analyst,mycityband,1-2 Yrs,1,2,1.0-23.4L/yr,100000.0,2340000.0,Sachin,1460,Naukri,3.9,30,"Data Analyst, Excel, Cost"
Engineer/Data Analyst,mycitynagpur,5-8 Yrs,5,8,3.6-13.3L/yr,360000.0,1330000.0,Nagpur,1460,Naukri,3.9,30,Data Analyst
Data Analyst,RIGHT STEP CONSULTING PRIVATE LIMITED,1-3 Yrs,1,3,1.2-17.0L/yr,115000.0,1700000.0,Gurgaon / Gurugram,1460,Naukri,3.9,30,"Data Analyst, Market research, PHP"
Data Analyst,RIGHT STEP CONSULTING PRIVATE LIMITED,1-4 Yrs,1,4,0.2-26.0L/yr,20000.0,2600000.0,Gurgaon / Gurugram,1460,Naukri,3.9,30,"Data Analyst, Analytics, SQL"
Data Analyst,mycitynagpur,1-5 Yrs,1,5,3.0-4.4L/yr,300000.0,440000.00000000006,Nagpur,1460,Naukri,3.9,30,"Help Desk, Customer Service, data analysis"
Data Analyst,mycitynagpur,3-7 Yrs,3,7,1.5-7.2L/yr,150000.0,720000.0,Nagpur,1460,Naukri,3.9,30,"OMC, data reporting, Data Analyst"
Data Analysts,Prometheus Consulting,2-3 Yrs,2,3,0.2-18.0L/yr,25000.0,1800000.0,Bangalore / Bengaluru,1825,Naukri,3.9,30,"Customer experience, Data Analyst, Market research"
Senior Data Scientist,JoinHandsHR,3-8 Yrs,3,8,4.0-50.0L/yr,400000.0,5000000.0,Mumbai,1825,Naukri,3.9,30,"Data Scientist, Data Analyst"
Artificial intelligence Architect,Cotocus.com,4-9 Yrs,4,9,3.6-13.3L/yr,360000.0,1330000.0,Bangalore / Bengaluru,365,Naukri,3.9,30,"Cloud computing, Machine learning, Analytical"
Data Analysts,Cotocus.com,1-4 Yrs,1,4,3.6-13.3L/yr,360000.0,1330000.0,Bangalore / Bengaluru,365,Naukri,3.9,30,"Analytical, Continuous improvement, Data Analyst"
Machine learning Architect,Cotocus.com,5-9 Yrs,5,9,3.6-13.3L/yr,360000.0,1330000.0,Bangalore / Bengaluru,365,Naukri,3.9,30,"Machine learning, Life sciences, Architectural design"
Data Architect,Cotocus.com,6-10 Yrs,6,10,3.6-13.3L/yr,360000.0,1330000.0,Bangalore / Bengaluru,365,Naukri,3.9,30,"Scrum, Data analysis, Data management"
Data Analyst,Proclink Consulting Services LLP,4-8 Yrs,4,8,0.1-44.0L/yr,13000.0,4400000.0,"Ahmedabad, Hyderabad / Secunderabad",365,Naukri,3.9,30,"SAS, Analytics, SQL"
Data Analyst- SAS,eTeam Inc.,4-5 Yrs,4,5,0.2-96.0L/yr,20000.0,9600000.0,Bangalore / Bengaluru,365,Naukri,3.9,30,"Data Analyst, Performance tuning, Unix shell scripting"
Data Analyst,Add On IT Systems,3-4 Yrs,3,4,3.6-13.3L/yr,360000.0,1330000.0,Bangalore / Bengaluru,365,Naukri,3.9,30,"MS SQL, PDF, Operating systems"
Data Analyst,eTeam Inc.,1-3 Yrs,1,3,1.0-25.0L/yr,100000.0,2500000.0,Hyderabad / Secunderabad,365,Naukri,3.9,30,"Data Analyst, Project management, Operations"
Data Analyst - 1,DOPTIT PRIVATE LIMITED,1-4 Yrs,1,4,3.6-13.3L/yr,360000.0,1330000.0,Cochin/Ernakulam/Kochi,365,Naukri,3.9,30,"Linux, MS SQL, SQL scripting"
Data Analyst,Primohunt Corporate,0-3 Yrs,0,3,3.6-13.3L/yr,360000.0,1330000.0,Pune,365,Naukri,3.9,30,"Analytical skills, Market study, Data analysis"
Data Analyst,Falcon Smart IT,2-6 Yrs,2,6,3.6-13.3L/yr,360000.0,1330000.0,Bangalore / Bengaluru,730,Naukri,3.9,30,"ERP, Data analysis, Macros"
Data Analyst,Etomate Technology LLP,1-4 Yrs,1,4,3.6-13.3L/yr,360000.0,1330000.0,Bangalore / Bengaluru,730,Naukri,1.0,1,"Project management, CRM, ERP"
Data Analyst,Diverse Lynx,1-5 Yrs,1,5,1.6-39.5L/yr,165000.0,3950000.0,Bangalore / Bengaluru,730,Naukri,3.9,30,"SQL, Manager Quality Assurance, metadata"
"Data analyst,Pan India",Z2plus Placement & Security Agency Pvt. Ltd.,2-5 Yrs,2,5,0.2-39.5L/yr,19000.0,3950000.0,Remote,730,Naukri,3.9,30,"Python, Data modeling, Data mining"
Data Analyst,Z2plus Placement & Security Agency Pvt. Ltd.,2-5 Yrs,2,5,1.2-13.6L/yr,125000.0,1361600.0,Bangalore / Bengaluru,730,Naukri,3.9,30,"Python, Data modeling, Data mining"
Data Analyst,Z2plus Placement & Security Agency Pvt. Ltd.,2-3 Yrs,2,3,2.0-7.5L/yr,200000.0,750000.0,Panaji/Panjim,730,Naukri,3.9,30,"Supply chain, Data modeling, Project management"
data analyst,Disha Consultant,4-8 Yrs,4,8,2.8-8.5L/yr,280000.0,850000.0,Jaipur,730,Naukri,3.9,30,"Automation, tableau, Excel"
"Sr Data Engineer (SQL, AWS Pipeline, Python)",TechExped Technology Services,4-9 Yrs,4,9,3.6-13.3L/yr,360000.0,1330000.0,Mumbai,730,Naukri,3.9,30,"Python, Aws, Sql Queries"
Data Analyst,TMD - The Modern Dimension,3-8 Yrs,3,8,0.2-44.0L/yr,20000.0,4400000.0,"New Delhi, Bangalore / Bengaluru",730,Naukri,3.9,30,"Power Bi, Sql Server, Tableau"
Power Bi/ SQL Tableau Developer/Data analyst,Busisol Sourcing India Pvt Ltd,6-8 Yrs,6,8,3.6-13.3L/yr,360000.0,1330000.0,Hosapete,730,Naukri,3.9,30,"XML, Production support, MS SQL"
Data Analyst,Teplar Solutions,0-4 Yrs,0,4,3.6-13.3L/yr,360000.0,1330000.0,Coimbatore,1460,Naukri,3.9,30,"Customer support, Analytics, Workflow"
Business Development Executive,Teplar Solutions,2-4 Yrs,2,4,3.6-13.3L/yr,360000.0,1330000.0,Coimbatore,1460,Naukri,3.9,30,"Cold calling, Customer support, Analytics"
Data Analyst,CLINAARC CLINICAL DATAMANAGEMENT PRIVATE LIMITED,2-3 Yrs,2,3,3.6-13.3L/yr,360000.0,1330000.0,Nagpur,1460,Naukri,3.9,30,Data Analyst
Data Analyst,EnergyTech Ventures,2-5 Yrs,2,5,3.6-13.3L/yr,360000.0,1330000.0,Kolkata,1460,Naukri,3.9,30,"Process improvement, Data collection, Managed services"
Sr Data Analyst,CodeHall Technology,5-10 Yrs,5,10,3.6-13.3L/yr,360000.0,1330000.0,Bangalore / Bengaluru,1460,Naukri,3.9,30,"Javascript, Ajax, jQuery"
Sr Data Analyst,CodeHall Technology,5-10 Yrs,5,10,3.6-13.3L/yr,360000.0,1330000.0,Bangalore / Bengaluru,1460,Naukri,3.9,30,"Data analysis, Product management, Forensic"
Big Data Analyst,R3coder,1-6 Yrs,1,6,3.6-13.3L/yr,360000.0,1330000.0,Ahmedabad,1460,Naukri,3.9,30,"Core Java, Data structures, Outsourcing"
Big Data Analyst,CereSight,3-8 Yrs,3,8,3.6-13.3L/yr,360000.0,1330000.0,"Chennai, Pune, New Delhi",1825,Naukri,3.9,30,"Computer science, HBase, Data processing"
Editing and Proof Reading the written content,99Plus IT Solutions,2-5 Yrs,2,5,3.6-13.3L/yr,360000.0,1330000.0,Vadodara,1825,Naukri,3.9,30,"Proof reading, Data Analyst"
Big Data Analyst - Part time,Write Academy,1-6 Yrs,1,6,3.6-13.3L/yr,360000.0,1330000.0,Chennai,1825,Naukri,3.9,30,"SQL, Oracle, MySQL"
data entry,Right Fit Resources,0-1 Yrs,0,1,3.6-13.3L/yr,360000.0,1330000.0,Bhubaneshwar,1095,Naukri,3.9,30,"Data Entry Operator, Data Analyst, Computer Operator"
Data Analysts,DoDogy,1-2 Yrs,1,2,3.6-13.3L/yr,360000.0,1330000.0,New Delhi,1095,Naukri,3.9,30,"data integrity, Research"
Computer Operator In  -  Computer Clerk,RIGHT STEP CONSULTING PRIVATE LIMITED,0-2 Yrs,0,2,3.6-13.3L/yr,360000.0,1330000.0,Gurgaon / Gurugram,1460,Naukri,3.9,30,"Back office, Data entry, MIS"
Business Development Executive,Teplar Solutions,2-4 Yrs,2,4,3.6-13.3L/yr,360000.0,1330000.0,Coimbatore,1460,Naukri,3.9,30,"Cold calling, Customer support, Analytics"
Data Analyst,Teplar Solutions,0-4 Yrs,0,4,3.6-13.3L/yr,360000.0,1330000.0,Coimbatore,1460,Naukri,3.9,30,"Customer support, Analytics, Workflow"
Data Analyst,CLINAARC CLINICAL DATAMANAGEMENT PRIVATE LIMITED,2-3 Yrs,2,3,3.6-13.3L/yr,360000.0,1330000.0,Nagpur,1460,Naukri,3.9,30,Data Analyst
Clinical Data Analyst,CLINAARC CLINICAL DATAMANAGEMENT PRIVATE LIMITED,1-6 Yrs,1,6,3.6-13.3L/yr,360000.0,1330000.0,Nagpur,1460,Naukri,3.9,30,Clinical Data Analyst
Data Analyst,"Quotient, Inc.",1-3 Yrs,1,3,3.6-13.3L/yr,360000.0,1330000.0,Bangalore / Bengaluru,1460,Naukri,3.9,30,"Product management, Distribution network, Publishing"
Business Data Analyst General Ledger,Diverse Lynx,5-10 Yrs,5,10,3.6-13.3L/yr,360000.0,1330000.0,Mumbai,1460,Naukri,3.9,30,"Reconciliation, SQL, Taxation"
SAS Developer,Diverse Lynx,4-8 Yrs,4,8,5.0-17.0L/yr,500000.0,1700000.0,Bangalore / Bengaluru,1460,Naukri,3.9,30,"SQL, XML, Db2"
Data Analyst,M3 (EU) Ltd,5-7 Yrs,5,7,3.6-13.3L/yr,360000.0,1330000.0,Bangalore / Bengaluru,365,Naukri,3.9,30,"Market research, Data processing, MS Office"
Data Analyst,Countrees Services and Technologies Pvt Ltd,3-6 Yrs,3,6,3.6-13.3L/yr,360000.0,1330000.0,Chennai,365,Naukri,3.9,30,"Commerce, HTML"
Content and Community lead,Infinyte Club,5-10 Yrs,5,10,3.6-13.3L/yr,360000.0,1330000.0,Bangalore / Bengaluru,365,Naukri,3.9,30,"SEO, Analytical, Digital marketing"
Data Analyst ( Fresher ),OnPoint Insights,0-2 Yrs,0,2,3.6-13.3L/yr,360000.0,1330000.0,"Mumbai suburbs, Mumbai",365,Naukri,3.9,30,"SAS, Analytical, Machine learning"
Data Analyst,WalbroSoft,2-7 Yrs,2,7,3.6-13.3L/yr,360000.0,1330000.0,Nagpur,1825,Naukri,1.0,1,"MS Office, Data collection, Internet research"
data analyst,Etomate Technology LLP,2-7 Yrs,2,7,3.6-13.3L/yr,360000.0,1330000.0,Bangalore / Bengaluru,365,Naukri,1.0,1,"Data Analyst, Analytics, Macros"
Security Data Analyst / L2,Si Cyber,4-8 Yrs,4,8,3.6-13.3L/yr,360000.0,1330000.0,Pune,365,Naukri,3.9,30,"Data analysis, Monitoring, Analytical"
Data Analyst,99Plus IT Solutions,3-5 Yrs,3,5,3.6-13.3L/yr,360000.0,1330000.0,Vadodara,1095,Naukri,3.9,30,"Business Development Executive, XML, Data mining"
Clinical Data Analyst,CLINAARC CLINICAL DATAMANAGEMENT PRIVATE LIMITED,1-6 Yrs,1,6,3.6-13.3L/yr,360000.0,1330000.0,Nagpur,1460,Naukri,3.9,30,Clinical Data Analyst
Data Analyst,99Plus IT Solutions,2-5 Yrs,2,5,3.6-13.3L/yr,360000.0,1330000.0,Vadodara,1825,Naukri,3.9,30,Data Analyst
Big Data Analyst,CereSight,3-8 Yrs,3,8,3.6-13.3L/yr,360000.0,1330000.0,"Chennai, Pune, New Delhi",1825,Naukri,3.9,30,"Computer science, HBase, Data processing"
Editing and Proof Reading the written content,99Plus IT Solutions,2-5 Yrs,2,5,3.6-13.3L/yr,360000.0,1330000.0,Vadodara,1825,Naukri,3.9,30,"Proof reading, Data Analyst"
Data Analyst,99Plus IT Solutions,2-5 Yrs,2,5,3.6-13.3L/yr,360000.0,1330000.0,Vadodara,1825,Naukri,3.9,30,Data Analyst
Data Analysts,Prometheus Consulting,2-3 Yrs,2,3,0.2-18.0L/yr,25000.0,1800000.0,Bangalore / Bengaluru,1825,Naukri,3.9,30,"Customer experience, Data Analyst, Market research"
Data Analyst,WalbroSoft,2-7 Yrs,2,7,3.6-13.3L/yr,360000.0,1330000.0,Nagpur,1825,Naukri,1.0,1,"MS Office, Data collection, Internet research"
Spend and Master Data Analyst,Pcura Consulting pvt ltd.,2-7 Yrs,2,7,3.6-13.3L/yr,360000.0,1330000.0,Mumbai,1825,Naukri,4.0,630,"Master data management, Data Analyst, E-sourcing"
Senior Data Scientist,JoinHandsHR,3-8 Yrs,3,8,4.0-50.0L/yr,400000.0,5000000.0,Mumbai,1825,Naukri,3.9,30,"Data Scientist, Data Analyst"
Big Data Analyst - Part time,Write Academy,1-6 Yrs,1,6,3.6-13.3L/yr,360000.0,1330000.0,Chennai,1825,Naukri,3.9,30,"SQL, Oracle, MySQL"
Data Analyst,Augmenter Consulting,2-5 Yrs,2,5,3.6-13.3L/yr,360000.0,1330000.0,Mumbai,1825,Naukri,1.0,2,"Analytics, Process improvement, Consulting"
Data Analyst - Technology,Vayaa Systems,1-3 Yrs,1,3,3.6-13.3L/yr,360000.0,1330000.0,Hyderabad / Secunderabad,2190,Naukri,3.9,30,"Data Analyst, MS SQL, data visualization"
Reliability Data Analyst - RVR & JC,PinnacleART,1-7 Yrs,1,7,3.6-13.3L/yr,360000.0,1330000.0,Hyderabad / Secunderabad,90,Naukri,3.9,30,"Petroleum, Mining, Technical writing"
Reliability Data Analyst - ANITS,PinnacleART,1-5 Yrs,1,5,3.6-13.3L/yr,360000.0,1330000.0,Hyderabad / Secunderabad,90,Naukri,3.9,30,"Petroleum, Mining, Technical writing"
Data Analysts,MightyMorse,1-4 Yrs,1,4,3.6-13.3L/yr,360000.0,1330000.0,Mumbai,120,Naukri,3.9,30,"metadata, python, data analysis"
Data Analyst,Grapes IDMR,2-4 Yrs,2,4,3.6-13.3L/yr,360000.0,1330000.0,Thrissur/Trichur,210,Naukri,3.9,30,"SQL, SAS, Process improvement"
Data Analyst,MindTrilogy,1-3 Yrs,1,3,3.6-13.3L/yr,360000.0,1330000.0,New Delhi,210,Naukri,3.9,30,"Analytical, Market analysis, Database administration"
Machine learning Architect,Cotocus.com,5-9 Yrs,5,9,3.6-13.3L/yr,360000.0,1330000.0,Bangalore / Bengaluru,365,Naukri,3.9,30,"Machine learning, Life sciences, Architectural design"
Data Analyst / Sr. Data Analyst,CoreInsightsAI,0-8 Yrs,0,8,3.6-13.3L/yr,360000.0,1330000.0,Remote,150,Naukri,3.9,30,"Data analysis, Analytical, Consulting"
Artificial intelligence Architect,Cotocus.com,4-9 Yrs,4,9,3.6-13.3L/yr,360000.0,1330000.0,Bangalore / Bengaluru,365,Naukri,3.9,30,"Cloud computing, Machine learning, Analytical"
Data Analysts,Cotocus.com,1-4 Yrs,1,4,3.6-13.3L/yr,360000.0,1330000.0,Bangalore / Bengaluru,365,Naukri,3.9,30,"Analytical, Continuous improvement, Data Analyst"
Data Architect,Cotocus.com,6-10 Yrs,6,10,3.6-13.3L/yr,360000.0,1330000.0,Bangalore / Bengaluru,365,Naukri,3.9,30,"Scrum, Data analysis, Data management"
Data analyst,Zecotok,1-3 Yrs,1,3,3.6-13.3L/yr,360000.0,1330000.0,Panchkula,180,Naukri,3.9,30,"Data analysis, Programming, Data Analyst"
